SL_NAME	CODE_GROUP	SETTINGS	AGE_BANDS
Allergy_and_Immunology	Allergy_and_Immunology__Allergen_immunotherapy	ip,op,office,asc	0-3,4-11,12-17,18-64,65+
Allergy_and_Immunology	Allergy_and_Immunology__Allergy_and_Clinical_Immunology_Procedures	ip,op,office,asc	0-3,4-11,12-17,18-64,65+
Allergy_and_Immunology	Allergy_and_Immunology__Allergy_and_Clinical_Immunology_Procedures_Add_On	ip,op,office,asc	0-3,4-11,12-17,18-64,65+
Allergy_and_Immunology	Allergy_and_Immunology__Allergy_testing	ip,op,office,asc	0-3,4-11,12-17,18-64,65+
Allergy_and_Immunology	Allergy_and_Immunology__Immunization_Administration_Fee_Add_On	ip,op,office,asc	0-3,4-11,12-17,18-64,65+
Anesthesia	Anesthesia__Anesthesia_Procedures	ip,op,office,asc	0-3,4-11,12-17,18-64,65+
Anesthesia	Anesthesia__Anesthesia_Procedures_Add_On	ip,op,office,asc	0-3,4-11,12-17,18-64,65+
Bariatric_Surgery	Bariatric_Surgery__Bariatric_Surgery_laparoscopic	ip,op,office,asc	0-3,4-11,12-17,18-64,65+
Bariatric_Surgery	Bariatric_Surgery__Bariatric_Surgery_open	ip,op,office,asc	0-3,4-11,12-17,18-64,65+
Behavioral_Health	Behavioral_Health__Detoxification_Services_for_Substance_Abuse_Treatment	ip,op,office,asc	0-3,4-11,12-17,18-64,65+
Behavioral_Health	Behavioral_Health__Electroconvulsive_therapy	ip,op,office,asc	0-3,4-11,12-17,18-64,65+
Behavioral_Health	Behavioral_Health__Health_and_Behavior_Assessments	ip,op,office,asc	0-3,4-11,12-17,18-64,65+
Behavioral_Health	Behavioral_Health__Individual_Psychotherapy	ip,op,office,asc	0-3,4-11,12-17,18-64,65+
Behavioral_Health	Behavioral_Health__Psychiatric_diagnosis_or_evaluation	ip,op,office,asc	0-3,4-11,12-17,18-64,65+
Behavioral_Health	Behavioral_Health__Psychiatric_diagnosis_or_evaluation_Add_On	ip,op,office,asc	0-3,4-11,12-17,18-64,65+
Behavioral_Health	Behavioral_Health__Psychiatric_services	ip,op,office,asc	0-3,4-11,12-17,18-64,65+
Behavioral_Health	Behavioral_Health__Psychiatric_services_Add_On	ip,op,office,asc	0-3,4-11,12-17,18-64,65+
Behavioral_Health	Behavioral_Health__Psychotherapy	ip,op,office,asc	0-3,4-11,12-17,18-64,65+
Behavioral_Health	Behavioral_Health__Psychotherapy_Add_On	ip,op,office,asc	0-3,4-11,12-17,18-64,65+
Behavioral_Health	Behavioral_Health__Therapeutic_repetitive_transcranial_magnetic_stimulation_TMS_treatment	ip,op,office,asc	0-3,4-11,12-17,18-64,65+
Bladder_Procedure	Bladder_Procedure__Repair_of_the_bladder	ip,op,office,asc	0-3,4-11,12-17,18-64,65+
Bladder_Procedure	Bladder_Procedure__Surgical_Procedures_on_the_Bladder_Other	ip,op,office,asc	0-3,4-11,12-17,18-64,65+
Bone_Density	Bone_Density__Bone_Density_Measurement_Procedures	ip,op,office,asc	0-3,4-11,12-17,18-64,65+
Bone_Marrow_or_Stem_Cell	Bone_Marrow_or_Stem_Cell__Bone_marrow_or_stem_cell_transplant	ip,op,office,asc	0-3,4-11,12-17,18-64,65+
Bone_Marrow_or_Stem_Cell	Bone_Marrow_or_Stem_Cell__Surgical_Procedures_on_the_Bone_Marrow	ip,op,office,asc	0-3,4-11,12-17,18-64,65+
Bowel_resection	Bowel_resection__Bowel_resection_laparoscopic	ip,op,office,asc	0-3,4-11,12-17,18-64,65+
Bowel_resection	Bowel_resection__Bowel_resection_laparoscopic_Add_On	ip,op,office,asc	0-3,4-11,12-17,18-64,65+
Bowel_resection	Bowel_resection__Bowel_resection_open	ip,op,office,asc	0-3,4-11,12-17,18-64,65+
Bowel_resection	Bowel_resection__Bowel_resection_open_Add_On	ip,op,office,asc	0-3,4-11,12-17,18-64,65+
Breast_Imaging	Breast_Imaging__Breast_Imaging	ip,op,office,asc	0-3,4-11,12-17,18-64,65+
Breast_Imaging	Breast_Imaging__Breast_Imaging_Add_On	ip,op,office,asc	0-3,4-11,12-17,18-64,65+
Breast_Surgery	Breast_Surgery__Breast_reconstruction	ip,op,office,asc	0-3,4-11,12-17,18-64,65+
Breast_Surgery	Breast_Surgery__Mastectomy	ip,op,office,asc	0-3,4-11,12-17,18-64,65+
Breast_Surgery	Breast_Surgery__Other_Procedures_on_the_Integumentary_System	ip,op,office,asc	0-3,4-11,12-17,18-64,65+
Breast_Surgery	Breast_Surgery__Other_Radiation_Therapy_Procedures_Add_On	ip,op,office,asc	0-3,4-11,12-17,18-64,65+
Breast_Surgery	Breast_Surgery__Repair_Closure_Procedures_of_the_Integumentary_System_Flaps_and_Grafts	ip,op,office,asc	0-3,4-11,12-17,18-64,65+
Breast_Surgery	Breast_Surgery__Repair_Closure_Procedures_of_the_Integumentary_System_Flaps_and_Grafts_Add_On	ip,op,office,asc	0-3,4-11,12-17,18-64,65+
Breast_Surgery	Breast_Surgery__Surgical_Procedures_on_the_Breast_Other	ip,op,office,asc	0-3,4-11,12-17,18-64,65+
Breast_Surgery	Breast_Surgery__Surgical_Procedures_on_the_Breast_Other_Add_On	ip,op,office,asc	0-3,4-11,12-17,18-64,65+
Breast_Surgery	Breast_Surgery__Surgical_Procedures_on_the_Musculoskeletal_System_of_the_Abdomen_Back_and_Flank	ip,op,office,asc	0-3,4-11,12-17,18-64,65+
Cardiac_Surgery	Cardiac_Surgery__Cardiac_revascularizaton_procedure	ip,op,office,asc	0-3,4-11,12-17,18-64,65+
Cardiac_Surgery	Cardiac_Surgery__Cardiac_revascularizaton_procedure_Add_On	ip,op,office,asc	0-3,4-11,12-17,18-64,65+
Cardiac_Surgery	Cardiac_Surgery__Cardiovascular_Procedures	ip,op,office,asc	0-3,4-11,12-17,18-64,65+
Cardiac_Surgery	Cardiac_Surgery__Intracardiac_Electrophysiological_Procedures_Add_On	ip,op,office,asc	0-3,4-11,12-17,18-64,65+
Cardiac_Surgery	Cardiac_Surgery__Repair_Procedures_on_the_Aortic_Valve	ip,op,office,asc	0-3,4-11,12-17,18-64,65+
Cardiac_Surgery	Cardiac_Surgery__Repair_Procedures_on_the_Heart	ip,op,office,asc	0-3,4-11,12-17,18-64,65+
Cardiac_Surgery	Cardiac_Surgery__Repair_Procedures_on_the_Mitral_Valve	ip,op,office,asc	0-3,4-11,12-17,18-64,65+
Cardiac_Surgery	Cardiac_Surgery__Repair_Procedures_on_the_Mitral_Valve_Add_On	ip,op,office,asc	0-3,4-11,12-17,18-64,65+
Cardiac_Surgery	Cardiac_Surgery__Repair_Procedures_on_the_Pulmonary_Valve	ip,op,office,asc	0-3,4-11,12-17,18-64,65+
Cardiac_Surgery	Cardiac_Surgery__Repair_Procedures_on_the_Tricuspid_Valve	ip,op,office,asc	0-3,4-11,12-17,18-64,65+
Cardiac_Surgery	Cardiac_Surgery__Replacement_of_Aortic_Valve_Non_Transcatheter	ip,op,office,asc	0-3,4-11,12-17,18-64,65+
Cardiac_Surgery	Cardiac_Surgery__Replacement_of_Mitral_Valve_Non_Transcatheter	ip,op,office,asc	0-3,4-11,12-17,18-64,65+
Cardiac_Surgery	Cardiac_Surgery__Replacement_of_Mitral_Valve_Percutaneous_or_Endoscopic	ip,op,office,asc	0-3,4-11,12-17,18-64,65+
Cardiac_Surgery	Cardiac_Surgery__Replacement_of_Pulmonary_Valve_Non_Transcatheter	ip,op,office,asc	0-3,4-11,12-17,18-64,65+
Cardiac_Surgery	Cardiac_Surgery__Replacement_of_Tricuspid_Valve_Non_Transcatheter	ip,op,office,asc	0-3,4-11,12-17,18-64,65+
Cardiac_Surgery	Cardiac_Surgery__Replacement_of_Tricuspid_Valve_Percutaneous_or_Endoscopic	ip,op,office,asc	0-3,4-11,12-17,18-64,65+
Cardiac_Surgery	Cardiac_Surgery__Restriction_Procedures_of_the_Heart	ip,op,office,asc	0-3,4-11,12-17,18-64,65+
Cardiac_Surgery	Cardiac_Surgery__Revision_or_Removal_Procedures_of_Tissue_Substitute_on_the_Heart	ip,op,office,asc	0-3,4-11,12-17,18-64,65+
Cardiac_Surgery	Cardiac_Surgery__Surgical_Collapse_Therapy;_Thoracoplasty	ip,op,office,asc	0-3,4-11,12-17,18-64,65+
Cardiac_Surgery	Cardiac_Surgery__Surgical_Procedures_Associated_with_Mechanical_Circulatory_Support	ip,op,office,asc	0-3,4-11,12-17,18-64,65+
Cardiac_Surgery	Cardiac_Surgery__Surgical_Procedures_Associated_with_Mechanical_Circulatory_Support_Add_On	ip,op,office,asc	0-3,4-11,12-17,18-64,65+
Cardiac_Surgery	Cardiac_Surgery__Surgical_Procedures_for_Repair_of_Aberrant_Heart_Anatomy	ip,op,office,asc	0-3,4-11,12-17,18-64,65+
Cardiac_Surgery	Cardiac_Surgery__Surgical_Procedures_for_Repair_of_Aberrant_Truncus_Arteriosus_Anatomy	ip,op,office,asc	0-3,4-11,12-17,18-64,65+
Cardiac_Surgery	Cardiac_Surgery__Surgical_Procedures_for_Transposition_of_the_Great_Vessels	ip,op,office,asc	0-3,4-11,12-17,18-64,65+
Cardiac_Surgery	Cardiac_Surgery__Surgical_Procedures_Involving_Transmyocardial_Revascularization	ip,op,office,asc	0-3,4-11,12-17,18-64,65+
Cardiac_Surgery	Cardiac_Surgery__Surgical_Procedures_Involving_Transmyocardial_Revascularization_Add_On	ip,op,office,asc	0-3,4-11,12-17,18-64,65+
Cardiac_Surgery	Cardiac_Surgery__Surgical_Procedures_on_a_Cardiac_Tumor	ip,op,office,asc	0-3,4-11,12-17,18-64,65+
Cardiac_Surgery	Cardiac_Surgery__Surgical_Procedures_on_Cardiac_Wounds	ip,op,office,asc	0-3,4-11,12-17,18-64,65+
Cardiac_Surgery	Cardiac_Surgery__Surgical_Procedures_on_the_Arteries_and_Veins_Other	ip,op,office,asc	0-3,4-11,12-17,18-64,65+
Cardiac_Surgery	Cardiac_Surgery__Surgical_Procedures_on_the_Heart_Structure_Atrium_or_Ventricle	ip,op,office,asc	0-3,4-11,12-17,18-64,65+
Cardiac_Surgery	Cardiac_Surgery__Surgical_Procedures_on_the_Heart_Structure_Chordae_Tendinae	ip,op,office,asc	0-3,4-11,12-17,18-64,65+
Cardiac_Surgery	Cardiac_Surgery__Surgical_Procedures_on_the_Heart_Structure_Conduction_Mechanism	ip,op,office,asc	0-3,4-11,12-17,18-64,65+
Cardiac_Surgery	Cardiac_Surgery__Surgical_Procedures_on_the_Heart_Structure_Conduction_Mechanism_Add_On	ip,op,office,asc	0-3,4-11,12-17,18-64,65+
Cardiac_Surgery	Cardiac_Surgery__Surgical_Procedures_on_the_Heart_Structure_Papillary_Muscle	ip,op,office,asc	0-3,4-11,12-17,18-64,65+
Cardiac_Surgery	Cardiac_Surgery__Surgical_Procedures_on_the_Heart_Surgeries;_Superior_Cava_Vein	ip,op,office,asc	0-3,4-11,12-17,18-64,65+
Cardiac_Surgery	Cardiac_Surgery__Surgical_Procedures_on_the_Pulmonary_Trunk_Pulmonary_Arteries_or_Pulmonary_Veins	ip,op,office,asc	0-3,4-11,12-17,18-64,65+
Cardiac_Surgery	Cardiac_Surgery__Surgical_Procedures_on_the_Pulmonary_Trunk_Pulmonary_Arteries_or_Pulmonary_Veins_Add_On	ip,op,office,asc	0-3,4-11,12-17,18-64,65+
Cardiac_Surgery	Cardiac_Surgery__Surgical_Procedures_on_the_Sinus_of_Valsalva	ip,op,office,asc	0-3,4-11,12-17,18-64,65+
Cardiac_Surgery	Cardiac_Surgery__Thoracic_aortic_aneurysm_repair	ip,op,office,asc	0-3,4-11,12-17,18-64,65+
Cardiac_Surgery	Cardiac_Surgery__Ventricular_Reconstruction	ip,op,office,asc	0-3,4-11,12-17,18-64,65+
Cardiology	Cardiology__Cardiac_rehabilitation	ip,op,office,asc	0-3,4-11,12-17,18-64,65+
Cardiology	Cardiology__Cardiac_stress_test	ip,op,office,asc	0-3,4-11,12-17,18-64,65+
Cardiology	Cardiology__Cardiography_Procedures_Emerging_Techcnology	ip,op,office,asc	0-3,4-11,12-17,18-64,65+
Cardiology	Cardiology__Cardiology_Testing	ip,op,office,asc	0-3,4-11,12-17,18-64,65+
Cardiology	Cardiology__Cardiovascular_Procedures_Add_On	ip,op,office,asc	0-3,4-11,12-17,18-64,65+
Cardiology	Cardiology__Cardioversion	ip,op,office,asc	0-3,4-11,12-17,18-64,65+
Cardiology	Cardiology__Measurement_or_Monitoring_of_Services_and_Procedures_on_the_Cardiocirculatory_System	ip,op,office,asc	0-3,4-11,12-17,18-64,65+
Cardiology	Cardiology__Non_Invasive_Vascular_Diagnostic_Studies_Extracranial	ip,op,office,asc	0-3,4-11,12-17,18-64,65+
Cardiology	Cardiology__Other_Procedures_on_the_Cardiovascular_System	ip,op,office,asc	0-3,4-11,12-17,18-64,65+
Cardiology	Cardiology__Other_Vascular_Studies_Attended_by_Physician	ip,op,office,asc	0-3,4-11,12-17,18-64,65+
Cardiology	Cardiology__Vascular_studies	ip,op,office,asc	0-3,4-11,12-17,18-64,65+
Cataract	Cataract__Lens_and_cataract_procedures	ip,op,office,asc	0-3,4-11,12-17,18-64,65+
Catheter	Catheter__Catheter_Placement_for_Coronary_Angiography	ip,op,office,asc	0-3,4-11,12-17,18-64,65+
Catheter	Catheter__Catheter_Placement_for_Coronary_Angiography_Add_On	ip,op,office,asc	0-3,4-11,12-17,18-64,65+
Catheter	Catheter__Heart_Catheterization_Catheter_Placement	ip,op,office,asc	0-3,4-11,12-17,18-64,65+
Catheter	Catheter__Heart_Catheterization_Catheter_Placement_Add_On	ip,op,office,asc	0-3,4-11,12-17,18-64,65+
Chemotherapy	Chemotherapy__Chemotherapy	ip,op,office,asc	0-3,4-11,12-17,18-64,65+
Chemotherapy	Chemotherapy__Chemotherapy_Add_On	ip,op,office,asc	0-3,4-11,12-17,18-64,65+
Clinic_Based1	Clinic_Based__Consultation_Encounters_Outpatient	ip,op,office,asc	0-3,4-11,12-17,18-64,65+
Clinic_Based2	Clinic_Based__Office_encounters	ip,op,office,asc	0-3,4-11,12-17,18-64,65+
Clinic_Based3	Clinic_Based__Office_encounters_Add_On	ip,op,office,asc	0-3,4-11,12-17,18-64,65+
Cochlear_Implant	Cochlear_Implant__Post_Operative_Analysis_and_Programming_of_Cochlear_Implant	ip,op,office,asc	0-3,4-11,12-17,18-64,65+
Colon_Rectal_Surgery	Colon_Rectal_Surgery__Surgical_Procedures_on_the_Rectum_and_Colon_Other;_Surgeries	ip,op,office,asc	0-3,4-11,12-17,18-64,65+
Colonoscopy_Procedures	Colonoscopy_Procedures__Colonoscopy_Procedures	ip,op,office,asc	0-3,4-11,12-17,18-64,65+
COVID19_Testing	COVID19_Testing__COVID19_Testing	ip,op,office,asc	0-3,4-11,12-17,18-64,65+
CT_Studies	CT_Studies__Computerized_Tomography_Angiography_CTA	ip,op,office,asc	0-3,4-11,12-17,18-64,65+
CT_Studies	CT_Studies__Computerized_Tomography_CT_Scan	ip,op,office,asc	0-3,4-11,12-17,18-64,65+
CT_Studies	CT_Studies__Other_Diagnostic_Radiology_Procedures_CT_Procedures	ip,op,office,asc	0-3,4-11,12-17,18-64,65+
Delivery	Delivery__Cesarean_Delivery	ip,op,office,asc	0-3,4-11,12-17,18-64,65+
Delivery	Delivery__Cesarean_Delivery_Add_On	ip,op,office,asc	0-3,4-11,12-17,18-64,65+
Delivery	Delivery__Maternity_Care_and_Delivery	ip,op,office,asc	0-3,4-11,12-17,18-64,65+
Delivery	Delivery__Other_Surgical_Procedures_Relating_to_Maternity_Care_and_Delivery	ip,op,office,asc	0-3,4-11,12-17,18-64,65+
Delivery	Delivery__Vaginal_Delivery	ip,op,office,asc	0-3,4-11,12-17,18-64,65+
Dental_Oral_Surgery	Dental_Oral_Surgery__Dental_Care_Procedures	ip,op,office,asc	0-3,4-11,12-17,18-64,65+
Dental_Oral_Surgery	Dental_Oral_Surgery__Surgical_Procedures_on_Dentoalveolar_Structures	ip,op,office,asc	0-3,4-11,12-17,18-64,65+
Dialysis_procedures	Dialysis_procedures__Dialysis_procedures	ip,op,office,asc	0-3,4-11,12-17,18-64,65+
Ear_Procedure	Ear_Procedure__Other_Procedures_on_the_Ear	ip,op,office,asc	0-3,4-11,12-17,18-64,65+
Ear_Procedure	Ear_Procedure__Surgical_Procedures_on_the_Ear	ip,op,office,asc	0-3,4-11,12-17,18-64,65+
Ear_Procedure	Ear_Procedure__Surgical_Procedures_on_the_External_Ear	ip,op,office,asc	0-3,4-11,12-17,18-64,65+
Ear_Procedure	Ear_Procedure__Surgical_Procedures_on_the_Inner_Ear	ip,op,office,asc	0-3,4-11,12-17,18-64,65+
Echocardiography	Echocardiography__Echocardiography_Procedures	ip,op,office,asc	0-3,4-11,12-17,18-64,65+
Echocardiography	Echocardiography__Echocardiography_Procedures_Add_On	ip,op,office,asc	0-3,4-11,12-17,18-64,65+
EKG	EKG__EKG_continuous	ip,op,office,asc	0-3,4-11,12-17,18-64,65+
EKG	EKG__Electrocardiogram_EKG_ECG	ip,op,office,asc	0-3,4-11,12-17,18-64,65+
Electrophysiology_EP	Electrophysiology_EP__Heart_Rhythm_Testing	ip,op,office,asc	0-3,4-11,12-17,18-64,65+
Electrophysiology_EP	Electrophysiology_EP__Intracardiac_Electrophysiological_Procedures	ip,op,office,asc	0-3,4-11,12-17,18-64,65+
Electrophysiology_EP	Electrophysiology_EP__Pacemaker_and_defibrillator_procedures	ip,op,office,asc	0-3,4-11,12-17,18-64,65+
Electrophysiology_EP	Electrophysiology_EP__Pacemaker_and_defibrillator_procedures_Add_On	ip,op,office,asc	0-3,4-11,12-17,18-64,65+
Endoscopy_Procedure	Endoscopy_Procedure__Endoscopic_Retrograde_Cholangiopancreatography_ERCP_Procedure	ip,op,office,asc	0-3,4-11,12-17,18-64,65+
Endoscopy_Procedure	Endoscopy_Procedure__Endoscopic_Retrograde_Cholangiopancreatography_ERCP_Procedure_Add_On	ip,op,office,asc	0-3,4-11,12-17,18-64,65+
Endoscopy_Procedure	Endoscopy_Procedure__Endoscopy_of_the_Anus	ip,op,office,asc	0-3,4-11,12-17,18-64,65+
Endoscopy_Procedure	Endoscopy_Procedure__Endoscopy_Small_Intestine_and_Stomal_Therapeutic	ip,op,office,asc	0-3,4-11,12-17,18-64,65+
Endoscopy_Procedure	Endoscopy_Procedure__Endoscopy_Upper_Gastrointestinal_EGD_Therapeutic	ip,op,office,asc	0-3,4-11,12-17,18-64,65+
EsophagoscopyTherapeutic	EsophagoscopyTherapeutic__EsophagoscopyTherapeutic	ip,op,office,asc	0-3,4-11,12-17,18-64,65+
Esophagus_Procedure	Esophagus_Procedure__Surgical_Procedures_of_the_Esophagus_Other	ip,op,office,asc	0-3,4-11,12-17,18-64,65+
Esophagus_Procedure	Esophagus_Procedure__Surgical_Procedures_of_the_Esophagus_Other_Add_On	ip,op,office,asc	0-3,4-11,12-17,18-64,65+
Eye_Services	Eye_Services__Ophthalmological_exam	ip,op,office,asc	0-3,4-11,12-17,18-64,65+
Eye_Services	Eye_Services__Other_Procedures_on_the_Eye_and_Ocular_Adnexa	ip,op,office,asc	0-3,4-11,12-17,18-64,65+
Eye_Services	Eye_Services__Other_Procedures_on_the_Eye_and_Ocular_Adnexa_Add_On	ip,op,office,asc	0-3,4-11,12-17,18-64,65+
Eye_Services	Eye_Services__Repair_retinal_detachment	ip,op,office,asc	0-3,4-11,12-17,18-64,65+
Eye_Services	Eye_Services__Special_Ophthalmological_Services	ip,op,office,asc	0-3,4-11,12-17,18-64,65+
Eye_Services	Eye_Services__Special_Ophthalmological_Services_Add_On	ip,op,office,asc	0-3,4-11,12-17,18-64,65+
Eye_Vision_Services	Eye_Vision_Services__Contact_Lens_Services	ip,op,office,asc	0-3,4-11,12-17,18-64,65+
Eye_Vision_Services	Eye_Vision_Services__Destruction_of_lesion_of_retina_and_choroid	ip,op,office,asc	0-3,4-11,12-17,18-64,65+
Eye_Vision_Services	Eye_Vision_Services__Destruction_of_lesion_of_retina_and_choroid_Add_On	ip,op,office,asc	0-3,4-11,12-17,18-64,65+
Eye_Vision_Services	Eye_Vision_Services__Eyeglass_fitting	ip,op,office,asc	0-3,4-11,12-17,18-64,65+
Eye_Vision_Surgery	Eye_Vision_Surgery__Other_Surgical_Procedures_on_the_Anterior_Segment_of_the_eye	ip,op,office,asc	0-3,4-11,12-17,18-64,65+
Eye_Vision_Surgery	Eye_Vision_Surgery__Surgical_Procedures_of_the_Conjunctiva_Other	ip,op,office,asc	0-3,4-11,12-17,18-64,65+
Eye_Vision_Surgery	Eye_Vision_Surgery__Surgical_Procedures_on_the_Cornea	ip,op,office,asc	0-3,4-11,12-17,18-64,65+
Eye_Vision_Surgery	Eye_Vision_Surgery__Surgical_Procedures_on_the_Cornea_Add_On	ip,op,office,asc	0-3,4-11,12-17,18-64,65+
Eye_Vision_Surgery	Eye_Vision_Surgery__Surgical_Procedures_on_the_Extraocular_Muscles	ip,op,office,asc	0-3,4-11,12-17,18-64,65+
Eye_Vision_Surgery	Eye_Vision_Surgery__Surgical_Procedures_on_the_Extraocular_Muscles_Add_On	ip,op,office,asc	0-3,4-11,12-17,18-64,65+
Eye_Vision_Surgery	Eye_Vision_Surgery__Surgical_Procedures_on_the_Eyeball	ip,op,office,asc	0-3,4-11,12-17,18-64,65+
Eye_Vision_Surgery	Eye_Vision_Surgery__Surgical_Procedures_on_the_Eyelids	ip,op,office,asc	0-3,4-11,12-17,18-64,65+
Eye_Vision_Surgery	Eye_Vision_Surgery__Surgical_Procedures_on_the_Lacrimal_System	ip,op,office,asc	0-3,4-11,12-17,18-64,65+
Eye_Vision_Surgery	Eye_Vision_Surgery__Surgical_Procedures_on_the_Musculoskeletal_System_of_the_Head_And_Neck	ip,op,office,asc	0-3,4-11,12-17,18-64,65+
Eye_Vision_Surgery	Eye_Vision_Surgery__Surgical_Procedures_on_the_Ocular_Adnexa_Other;_Surgeries	ip,op,office,asc	0-3,4-11,12-17,18-64,65+
Eye_Vision_Surgery	Eye_Vision_Surgery__Surgical_Procedures_on_the_Posterior_Segment_Emerging_Technology	ip,op,office,asc	0-3,4-11,12-17,18-64,65+
Eye_Vision_Surgery	Eye_Vision_Surgery__Surgical_Procedures_on_the_Posterior_Segment_Emerging_Technology_Add_On	ip,op,office,asc	0-3,4-11,12-17,18-64,65+
Eye_Vision_Surgery	Eye_Vision_Surgery__Surgical_Procedures_on_the_Posterior_Segment_Other	ip,op,office,asc	0-3,4-11,12-17,18-64,65+
Fluoroscopy	Fluoroscopy__Plain_Angiography	ip,op,office,asc	0-3,4-11,12-17,18-64,65+
Foot_and_Ankle	Foot_and_Ankle__Amputation_lower_extremity_LE	ip,op,office,asc	0-3,4-11,12-17,18-64,65+
Foot_and_Ankle	Foot_and_Ankle__Arthroscopy_Procedures_of_the_Ankle	ip,op,office,asc	0-3,4-11,12-17,18-64,65+
Foot_and_Ankle	Foot_and_Ankle__Interpelviabdominal_Amputation	ip,op,office,asc	0-3,4-11,12-17,18-64,65+
Foot_and_Ankle	Foot_and_Ankle__Repair_hallux_valgus	ip,op,office,asc	0-3,4-11,12-17,18-64,65+
Foot_and_Ankle	Foot_and_Ankle__Surgical_Procedures_on_the_Musculoskeletal_System_of_the_Femur_Thigh_Region	ip,op,office,asc	0-3,4-11,12-17,18-64,65+
Foot_and_Ankle	Foot_and_Ankle__Surgical_Procedures_on_the_Musculoskeletal_System_of_the_Lower_Extremity_Unspecified_Site	ip,op,office,asc	0-3,4-11,12-17,18-64,65+
Foot_and_Ankle	Foot_and_Ankle__Treatment_of_Fracture_and_or_Dislocation_of_the_Foot_and_Toes	ip,op,office,asc	0-3,4-11,12-17,18-64,65+
General_Medicine	General_Medicine__Photodynamic_Therapy_Add_On	ip,op,office,asc	0-3,4-11,12-17,18-64,65+
General_Surgery	General_Surgery__Appendectomy_laparoscopic	ip,op,office,asc	0-3,4-11,12-17,18-64,65+
General_Surgery	General_Surgery__Appendectomy_open	ip,op,office,asc	0-3,4-11,12-17,18-64,65+
General_Surgery	General_Surgery__Appendectomy_open_Add_On	ip,op,office,asc	0-3,4-11,12-17,18-64,65+
General_Surgery	General_Surgery__Cholecystoenterostomy_Procedure	ip,op,office,asc	0-3,4-11,12-17,18-64,65+
General_Surgery	General_Surgery__Drainage_Procedures_on_the_Intestines	ip,op,office,asc	0-3,4-11,12-17,18-64,65+
General_Surgery	General_Surgery__Enterolysis_Reduction_of_Volvulus_and_Other_Intestinal_Procedures	ip,op,office,asc	0-3,4-11,12-17,18-64,65+
General_Surgery	General_Surgery__Enterolysis_Reduction_of_Volvulus_and_Other_Intestinal_Procedures_Add_On	ip,op,office,asc	0-3,4-11,12-17,18-64,65+
General_Surgery	General_Surgery__External_Fistulization_of_Intestines	ip,op,office,asc	0-3,4-11,12-17,18-64,65+
General_Surgery	General_Surgery__Hemorrhoid_Procedures	ip,op,office,asc	0-3,4-11,12-17,18-64,65+
General_Surgery	General_Surgery__Insertion_Change_Revision_or_Removal_of_Devices_from_the_Mediastinum_and_Diaphragm	ip,op,office,asc	0-3,4-11,12-17,18-64,65+
General_Surgery	General_Surgery__Laparoscopic_cholecystectomy	ip,op,office,asc	0-3,4-11,12-17,18-64,65+
General_Surgery	General_Surgery__Laparoscopy_of_the_Abdomen_Peritoneum_and_Omentum_Surgical	ip,op,office,asc	0-3,4-11,12-17,18-64,65+
General_Surgery	General_Surgery__Laparoscopy_of_the_Abdomen_Peritoneum_and_Omentum_Surgical_Add_On	ip,op,office,asc	0-3,4-11,12-17,18-64,65+
General_Surgery	General_Surgery__Laparoscopy_of_the_Intestines	ip,op,office,asc	0-3,4-11,12-17,18-64,65+
General_Surgery	General_Surgery__Liver_Biopsy_Procedures	ip,op,office,asc	0-3,4-11,12-17,18-64,65+
General_Surgery	General_Surgery__Open_cholecystectomy	ip,op,office,asc	0-3,4-11,12-17,18-64,65+
General_Surgery	General_Surgery__Other_Procedures_on_the_Endocrine_System	ip,op,office,asc	0-3,4-11,12-17,18-64,65+
General_Surgery	General_Surgery__Other_Procedures_on_the_Hemic_and_Lymphatic_Systems	ip,op,office,asc	0-3,4-11,12-17,18-64,65+
General_Surgery	General_Surgery__Other_Procedures_on_the_Hemic_and_Lymphatic_Systems_Add_On	ip,op,office,asc	0-3,4-11,12-17,18-64,65+
General_Surgery	General_Surgery__Other_Procedures_on_the_Integumentary_System_Add_On	ip,op,office,asc	0-3,4-11,12-17,18-64,65+
General_Surgery	General_Surgery__Other_Procedures_on_the_Mediastinum_and_Diaphragm	ip,op,office,asc	0-3,4-11,12-17,18-64,65+
General_Surgery	General_Surgery__Pancreatectomy_Procedures	ip,op,office,asc	0-3,4-11,12-17,18-64,65+
General_Surgery	General_Surgery__Pilonidal_cyst_excision	ip,op,office,asc	0-3,4-11,12-17,18-64,65+
General_Surgery	General_Surgery__Procedures_on_spleen	ip,op,office,asc	0-3,4-11,12-17,18-64,65+
General_Surgery	General_Surgery__Procedures_on_spleen_Add_On	ip,op,office,asc	0-3,4-11,12-17,18-64,65+
General_Surgery	General_Surgery__Removal_procedures_on_the_lungs_and_pleura	ip,op,office,asc	0-3,4-11,12-17,18-64,65+
General_Surgery	General_Surgery__Repair_Procedures_on_the_Pancreas_or_Pancreatic_Ducts;_Endoscopic_Approach	ip,op,office,asc	0-3,4-11,12-17,18-64,65+
General_Surgery	General_Surgery__Repair_Procedures_on_the_Pancreas_or_Pancreatic_Ducts;_Open_Approach	ip,op,office,asc	0-3,4-11,12-17,18-64,65+
General_Surgery	General_Surgery__Surgical_Procedures_on_Meckels_Diverticulum_and_the_Mesentery	ip,op,office,asc	0-3,4-11,12-17,18-64,65+
General_Surgery	General_Surgery__Surgical_Procedures_on_the_Abdomen_Peritoneum_and_Omentum_Other	ip,op,office,asc	0-3,4-11,12-17,18-64,65+
General_Surgery	General_Surgery__Surgical_Procedures_on_the_Abdomen_Peritoneum_and_Omentum_Other_Add_On	ip,op,office,asc	0-3,4-11,12-17,18-64,65+
General_Surgery	General_Surgery__Surgical_Procedures_on_the_Anus_Other	ip,op,office,asc	0-3,4-11,12-17,18-64,65+
General_Surgery	General_Surgery__Surgical_Procedures_on_the_Appendix_unspecified	ip,op,office,asc	0-3,4-11,12-17,18-64,65+
General_Surgery	General_Surgery__Surgical_Procedures_on_the_Biliary_Tract_Other	ip,op,office,asc	0-3,4-11,12-17,18-64,65+
General_Surgery	General_Surgery__Surgical_Procedures_on_the_Biliary_Tract_Other_Add_On	ip,op,office,asc	0-3,4-11,12-17,18-64,65+
General_Surgery	General_Surgery__Surgical_Procedures_on_the_Diaphragm	ip,op,office,asc	0-3,4-11,12-17,18-64,65+
General_Surgery	General_Surgery__Surgical_Procedures_on_the_Female_Genital_System_Pelvic_Cavity	ip,op,office,asc	0-3,4-11,12-17,18-64,65+
General_Surgery	General_Surgery__Surgical_Procedures_on_the_Liver_Other	ip,op,office,asc	0-3,4-11,12-17,18-64,65+
General_Surgery	General_Surgery__Surgical_Procedures_on_the_Lungs_and_Pleura	ip,op,office,asc	0-3,4-11,12-17,18-64,65+
General_Surgery	General_Surgery__Surgical_Procedures_on_the_Lymph_Nodes_and_Lymphatic_Channels	ip,op,office,asc	0-3,4-11,12-17,18-64,65+
General_Surgery	General_Surgery__Surgical_Procedures_on_the_Lymph_Nodes_and_Lymphatic_Channels_Add_On	ip,op,office,asc	0-3,4-11,12-17,18-64,65+
General_Surgery	General_Surgery__Surgical_Procedures_on_the_Mediastinum	ip,op,office,asc	0-3,4-11,12-17,18-64,65+
General_Surgery	General_Surgery__Surgical_Procedures_on_the_Nails	ip,op,office,asc	0-3,4-11,12-17,18-64,65+
General_Surgery	General_Surgery__Surgical_Procedures_on_the_Pancreas_Other	ip,op,office,asc	0-3,4-11,12-17,18-64,65+
General_Surgery	General_Surgery__Surgical_Procedures_on_the_Parathyroid_Thymus_Adrenal_Glands_and_Carotid_Body	ip,op,office,asc	0-3,4-11,12-17,18-64,65+
General_Surgery	General_Surgery__Surgical_Procedures_on_the_Parathyroid_Thymus_Adrenal_Glands_and_Carotid_Body_Add_On	ip,op,office,asc	0-3,4-11,12-17,18-64,65+
General_Surgery	General_Surgery__Surgical_Procedures_on_the_Pineal_Body	ip,op,office,asc	0-3,4-11,12-17,18-64,65+
General_Surgery	General_Surgery__Surgical_Procedures_on_the_Pituitary_Gland	ip,op,office,asc	0-3,4-11,12-17,18-64,65+
General_Surgery	General_Surgery__Surgical_Procedures_on_the_Stomach_Other	ip,op,office,asc	0-3,4-11,12-17,18-64,65+
General_Surgery	General_Surgery__Surgical_Procedures_on_the_Stomach_Other_Add_On	ip,op,office,asc	0-3,4-11,12-17,18-64,65+
General_Surgery	General_Surgery__Surgical_Procedures_on_the_Trachea_and_Bronchi_Other	ip,op,office,asc	0-3,4-11,12-17,18-64,65+
General_Surgery	General_Surgery__Surgical_Procedures_on_the_Trachea_Carina_and_Bronchi	ip,op,office,asc	0-3,4-11,12-17,18-64,65+
General_Surgery	General_Surgery__Surgical_Procedures_Other	ip,op,office,asc	0-3,4-11,12-17,18-64,65+
General_Surgery	General_Surgery__Surgical_Procedures_Other_Add_On	ip,op,office,asc	0-3,4-11,12-17,18-64,65+
General_Surgery	General_Surgery__Surgical_Treatment_of_Anal_Fistula_Procedures	ip,op,office,asc	0-3,4-11,12-17,18-64,65+
Gynecology	Gynecology__Hysterectomy	ip,op,office,asc	0-3,4-11,12-17,18-64,65+
Gynecology	Gynecology__In_vitro_fertilization_IVF	ip,op,office,asc	0-3,4-11,12-17,18-64,65+
Gynecology	Gynecology__Laparoscopy_Hysteroscopy_of_the_Corpus_Uteri	ip,op,office,asc	0-3,4-11,12-17,18-64,65+
Gynecology	Gynecology__Myomectomy	ip,op,office,asc	0-3,4-11,12-17,18-64,65+
Gynecology	Gynecology__Other_Procedures_on_the_Female_Genital_System	ip,op,office,asc	0-3,4-11,12-17,18-64,65+
Gynecology	Gynecology__Other_Procedures_on_the_Female_Genital_System_Add_On	ip,op,office,asc	0-3,4-11,12-17,18-64,65+
Gynecology	Gynecology__Surgical_Procedures_on_the_Cervix_Uteri	ip,op,office,asc	0-3,4-11,12-17,18-64,65+
Gynecology	Gynecology__Surgical_Procedures_on_the_Corpus_Uteri_and_Cervix_Uteri	ip,op,office,asc	0-3,4-11,12-17,18-64,65+
Gynecology	Gynecology__Surgical_Procedures_on_the_Corpus_Uteri_Other	ip,op,office,asc	0-3,4-11,12-17,18-64,65+
Gynecology	Gynecology__Surgical_Procedures_on_the_Cul_de_sac	ip,op,office,asc	0-3,4-11,12-17,18-64,65+
Gynecology	Gynecology__Surgical_Procedures_on_the_Endometrium_Nonobstetrical	ip,op,office,asc	0-3,4-11,12-17,18-64,65+
Gynecology	Gynecology__Surgical_procedures_on_the_ovary	ip,op,office,asc	0-3,4-11,12-17,18-64,65+
Gynecology	Gynecology__Surgical_Procedures_on_the_Oviduct	ip,op,office,asc	0-3,4-11,12-17,18-64,65+
Gynecology	Gynecology__Surgical_Procedures_on_the_Oviduct_Add_On	ip,op,office,asc	0-3,4-11,12-17,18-64,65+
Gynecology	Gynecology__Surgical_Procedures_on_the_Uterine_Supporting_Structure	ip,op,office,asc	0-3,4-11,12-17,18-64,65+
Gynecology	Gynecology__Surgical_Procedures_on_the_Vagina_and_Cul_de_sac	ip,op,office,asc	0-3,4-11,12-17,18-64,65+
Gynecology	Gynecology__Surgical_Procedures_on_the_Vagina_Other	ip,op,office,asc	0-3,4-11,12-17,18-64,65+
Gynecology	Gynecology__Surgical_Procedures_on_the_Vulva_Perineum_and_Introitus	ip,op,office,asc	0-3,4-11,12-17,18-64,65+
Gynecology	Gynecology__Surgical_Treatment_of_Ectopic_Pregnancy	ip,op,office,asc	0-3,4-11,12-17,18-64,65+
Gynecology	Gynecology__Vaginal_repair	ip,op,office,asc	0-3,4-11,12-17,18-64,65+
Gynecology	Gynecology__Vaginal_repair_Add_On	ip,op,office,asc	0-3,4-11,12-17,18-64,65+
Hand_Wrist_and_Elbow	Hand_Wrist_and_Elbow__Arthroscopy_Procedures_of_the_Elbow	ip,op,office,asc	0-3,4-11,12-17,18-64,65+
Hand_Wrist_and_Elbow	Hand_Wrist_and_Elbow__Carpal_tunnel_decompression	ip,op,office,asc	0-3,4-11,12-17,18-64,65+
Hand_Wrist_and_Elbow	Hand_Wrist_and_Elbow__Fixation_Device_Procedures_on_the_Musculoskeletal_System	ip,op,office,asc	0-3,4-11,12-17,18-64,65+
Hand_Wrist_and_Elbow	Hand_Wrist_and_Elbow__General_Grafts_or_Implants_Procedures_of_the_Musculoskeletal_System	ip,op,office,asc	0-3,4-11,12-17,18-64,65+
Hand_Wrist_and_Elbow	Hand_Wrist_and_Elbow__General_Grafts_or_Implants_Procedures_of_the_Musculoskeletal_System_Add_On	ip,op,office,asc	0-3,4-11,12-17,18-64,65+
Hand_Wrist_and_Elbow	Hand_Wrist_and_Elbow__Surgical_Arthroscopy_of_the_Wrist	ip,op,office,asc	0-3,4-11,12-17,18-64,65+
Hand_Wrist_and_Elbow	Hand_Wrist_and_Elbow__Surgical_Procedures_on_the_Forearm_and_Wrist_non_fracture_related	ip,op,office,asc	0-3,4-11,12-17,18-64,65+
Hand_Wrist_and_Elbow	Hand_Wrist_and_Elbow__Surgical_Procedures_on_the_Hand_and_Fingers_non_fracture_related	ip,op,office,asc	0-3,4-11,12-17,18-64,65+
Hand_Wrist_and_Elbow	Hand_Wrist_and_Elbow__Surgical_Procedures_on_the_Hand_and_Fingers_non_fracture_related_Add_On	ip,op,office,asc	0-3,4-11,12-17,18-64,65+
Hand_Wrist_and_Elbow	Hand_Wrist_and_Elbow__Surgical_Procedures_on_the_Musculoskeletal_System_of_the_Upper_Extremity_Unspecified_Site	ip,op,office,asc	0-3,4-11,12-17,18-64,65+
Hand_Wrist_and_Elbow	Hand_Wrist_and_Elbow__Surgical_Procedures_on_the_the_Humerus_and_Elbow_non_fracture_related	ip,op,office,asc	0-3,4-11,12-17,18-64,65+
Hand_Wrist_and_Elbow	Hand_Wrist_and_Elbow__Surgical_Replantation_of_the_Musculoskeletal_System	ip,op,office,asc	0-3,4-11,12-17,18-64,65+
Hand_Wrist_and_Elbow	Hand_Wrist_and_Elbow__Treatment_for_fracture_or_dislocation_of_radius_and_ulna	ip,op,office,asc	0-3,4-11,12-17,18-64,65+
Hand_Wrist_and_Elbow	Hand_Wrist_and_Elbow__Treatment_of_Fracture_and_or_Dislocation_of_the_Hand_and_Fingers	ip,op,office,asc	0-3,4-11,12-17,18-64,65+
Hand_Wrist_and_Elbow	Hand_Wrist_and_Elbow__Treatment_of_Fracture_and_or_Dislocation_of_the_Humerus_and_Elbow	ip,op,office,asc	0-3,4-11,12-17,18-64,65+
Heart_Transplant	Heart_Transplant__Heart_lung_Transplant	ip,op,office,asc	0-3,4-11,12-17,18-64,65+
Heart_Transplant	Heart_Transplant__Heart_lung_Transplant_Add_On	ip,op,office,asc	0-3,4-11,12-17,18-64,65+
Heart_Transplant	Heart_Transplant__Heart_Transplant	ip,op,office,asc	0-3,4-11,12-17,18-64,65+
Hernia_Procedure	Hernia_Procedure__Hernia_repair_laparoscopic	ip,op,office,asc	0-3,4-11,12-17,18-64,65+
Hernia_Procedure	Hernia_Procedure__Hernia_repair_open	ip,op,office,asc	0-3,4-11,12-17,18-64,65+
Hernia_Procedure	Hernia_Procedure__Hernia_repair_open_Add_On	ip,op,office,asc	0-3,4-11,12-17,18-64,65+
Hip_Replacement	Hip_Replacement__Hip_replacement	ip,op,office,asc	0-3,4-11,12-17,18-64,65+
Hospital_Based	Hospital_Based__Consultation_Encounters_Inpatient	ip,op,office,asc	0-3,4-11,12-17,18-64,65+
Hospital_Based	Hospital_Based__Critical_Care_visit	ip,op,office,asc	0-3,4-11,12-17,18-64,65+
Hospital_Based	Hospital_Based__Critical_Care_visit_Add_On	ip,op,office,asc	0-3,4-11,12-17,18-64,65+
Hospital_Based	Hospital_Based__Emergency_department_services	ip,op,office,asc	0-3,4-11,12-17,18-64,65+
Hospital_Based	Hospital_Based__Hospital_Observation_Services	ip,op,office,asc	0-3,4-11,12-17,18-64,65+
Hospital_Based	Hospital_Based__Inpatient_visit	ip,op,office,asc	0-3,4-11,12-17,18-64,65+
Imaging	Imaging__Cerebrospinal_Fluid_Imaging	ip,op,office,asc	0-3,4-11,12-17,18-64,65+
Imaging	Imaging__Cerebrovascular_Arterial_Studies	ip,op,office,asc	0-3,4-11,12-17,18-64,65+
Imaging	Imaging__Cholangiography_and_or_Pancreatography_Standard_Imaging	ip,op,office,asc	0-3,4-11,12-17,18-64,65+
Imaging	Imaging__Cholangiography_and_or_Pancreatography_Standard_Imaging_Add_On	ip,op,office,asc	0-3,4-11,12-17,18-64,65+
Imaging	Imaging__Imaging_Guidance_Techniques	ip,op,office,asc	0-3,4-11,12-17,18-64,65+
Imaging	Imaging__Imaging_Guidance_Techniques_Add_On	ip,op,office,asc	0-3,4-11,12-17,18-64,65+
Imaging	Imaging__Other_Radiology_Procedures	ip,op,office,asc	0-3,4-11,12-17,18-64,65+
Imaging	Imaging__Plain_Angiography_Add_On	ip,op,office,asc	0-3,4-11,12-17,18-64,65+
Imaging	Imaging__Radiologic_Examination_Joint_or_Osseous_Survey	ip,op,office,asc	0-3,4-11,12-17,18-64,65+
Imaging	Imaging__Radiology_Procedures	ip,op,office,asc	0-3,4-11,12-17,18-64,65+
Imaging	Imaging__Radiology_Procedures_Add_On	ip,op,office,asc	0-3,4-11,12-17,18-64,65+
Imaging	Imaging__Venography_Procedure	ip,op,office,asc	0-3,4-11,12-17,18-64,65+
Imaging	Imaging__Venous_Thrombosis_Imaging	ip,op,office,asc	0-3,4-11,12-17,18-64,65+
Imaging	Imaging__Visceral_and_Penile_Vascular_Studies	ip,op,office,asc	0-3,4-11,12-17,18-64,65+
Implantable_Interstitial_Glucose_Monitoring_Sensor_Devices	Implantable_Interstitial_Glucose_Monitoring_Sensor_Devices__Implantable_Interstitial_Glucose_Monitoring_Sensor_Devices	ip,op,office,asc	0-3,4-11,12-17,18-64,65+
Interventional_Cardiology	Interventional_Cardiology__Percutaneous_Balloon_Valvuloplasty	ip,op,office,asc	0-3,4-11,12-17,18-64,65+
Interventional_Cardiology	Interventional_Cardiology__Percutaneous_Transluminal_Coronary_Atherectomy_Balloon_Angioplasty_or_Thrombectomy	ip,op,office,asc	0-3,4-11,12-17,18-64,65+
Interventional_Cardiology	Interventional_Cardiology__Percutaneous_Transluminal_Coronary_Atherectomy_Balloon_Angioplasty_or_Thrombectomy_Add_On	ip,op,office,asc	0-3,4-11,12-17,18-64,65+
Interventional_Cardiology	Interventional_Cardiology__Repair_of_Septal_Defect	ip,op,office,asc	0-3,4-11,12-17,18-64,65+
Interventional_Cardiology	Interventional_Cardiology__Septal_defect_repair	ip,op,office,asc	0-3,4-11,12-17,18-64,65+
Interventional_Cardiology	Interventional_Cardiology__Thrombolysis_Coronary;_by_Intracoronary_and_Intravenous_Infusion	ip,op,office,asc	0-3,4-11,12-17,18-64,65+
Kidney_transplant	Kidney_transplant__Kidney_transplant	ip,op,office,asc	0-3,4-11,12-17,18-64,65+
Knee_Procedure	Knee_Procedure__Amputation_of_the_Femur_Thigh_Region_and_Knee_Joint	ip,op,office,asc	0-3,4-11,12-17,18-64,65+
Knee_Procedure	Knee_Procedure__Arthroscopy_of_the_knee	ip,op,office,asc	0-3,4-11,12-17,18-64,65+
Knee_Procedure	Knee_Procedure__Arthroscopy_of_the_knee_Add_On	ip,op,office,asc	0-3,4-11,12-17,18-64,65+
Knee_Procedure	Knee_Procedure__Procedures_of_the_Musculoskeletal_System_of_the_Femur_Thigh_Region_and_Knee_Joint_Other	ip,op,office,asc	0-3,4-11,12-17,18-64,65+
Knee_Procedure	Knee_Procedure__Procedures_to_Repair_and_or_Reconstruct_the_Knee_or_Patella	ip,op,office,asc	0-3,4-11,12-17,18-64,65+
Knee_Procedure	Knee_Procedure__Treatment_of_Fracture_and_or_Dislocation_of_the_Femur_Thigh_Region_and_Knee_Joint	ip,op,office,asc	0-3,4-11,12-17,18-64,65+
Knee_Replacement	Knee_Replacement__Knee_replacement	ip,op,office,asc	0-3,4-11,12-17,18-64,65+
Knee_Replacement	Knee_Replacement__Knee_replacement_Add_On	ip,op,office,asc	0-3,4-11,12-17,18-64,65+
Laboratory_Testing3	Laboratory_Testing__CBC	ip,op,office,asc	0-3,4-11,12-17,18-64,65+
Laboratory_Testing2	Laboratory_Testing__Cytogenetic_studies	ip,op,office,asc	0-3,4-11,12-17,18-64,65+
Laboratory_Testing4	Laboratory_Testing__Cytogenetic_studies_Add_On	ip,op,office,asc	0-3,4-11,12-17,18-64,65+
Laboratory_Testing2	Laboratory_Testing__Cytology	ip,op,office,asc	0-3,4-11,12-17,18-64,65+
Laboratory_Testing3	Laboratory_Testing__Cytology_Add_On	ip,op,office,asc	0-3,4-11,12-17,18-64,65+
Laboratory_Testing4	Laboratory_Testing__Drug_Testing	ip,op,office,asc	0-3,4-11,12-17,18-64,65+
Laboratory_Testing3	Laboratory_Testing__Drug_Testing_Add_On	ip,op,office,asc	0-3,4-11,12-17,18-64,65+
Laboratory_Testing3	Laboratory_Testing__Glycosylated_hemoglobin_A1C_test	ip,op,office,asc	0-3,4-11,12-17,18-64,65+
Laboratory_Testing2	Laboratory_Testing__Lipid_panel	ip,op,office,asc	0-3,4-11,12-17,18-64,65+
Laboratory_Testing4	Laboratory_Testing__Microbiology_procedures	ip,op,office,asc	0-3,4-11,12-17,18-64,65+
Laboratory_Testing2	Laboratory_Testing__Microbiology_procedures_Add_On	ip,op,office,asc	0-3,4-11,12-17,18-64,65+
Laboratory_Testing1	Laboratory_Testing__Molecular_Pathology_Procedures	ip,op,office,asc	0-3,4-11,12-17,18-64,65+
Laboratory_Testing1	Laboratory_Testing__Molecular_Pathology_Procedures_Add_On	ip,op,office,asc	0-3,4-11,12-17,18-64,65+
Laboratory_Testing1	Laboratory_Testing__Multianalyte_Assays	ip,op,office,asc	0-3,4-11,12-17,18-64,65+
Laboratory_Testing2	Laboratory_Testing__Multianalyte_Assays_Add_On	ip,op,office,asc	0-3,4-11,12-17,18-64,65+
Laboratory_Testing2	Laboratory_Testing__Organ_or_disease_oriented_panels	ip,op,office,asc	0-3,4-11,12-17,18-64,65+
Laboratory_Testing1	Laboratory_Testing__Pathology_and_Laboratory_Tests	ip,op,office,asc	0-3,4-11,12-17,18-64,65+
Laboratory_Testing1	Laboratory_Testing__Pathology_and_Laboratory_Tests_Add_On	ip,op,office,asc	0-3,4-11,12-17,18-64,65+
Laboratory_Testing4	Laboratory_Testing__Prostate_specific_antigen_PSA_test	ip,op,office,asc	0-3,4-11,12-17,18-64,65+
Laboratory_Testing3	Laboratory_Testing__Prosthodontics_removable	ip,op,office,asc	0-3,4-11,12-17,18-64,65+
Laboratory_Testing4	Laboratory_Testing__Reproductive_Medicine_Lab_Procedures	ip,op,office,asc	0-3,4-11,12-17,18-64,65+
Laboratory_Testing1	Laboratory_Testing__Surgical_pathology	ip,op,office,asc	0-3,4-11,12-17,18-64,65+
Laboratory_Testing4	Laboratory_Testing__Surgical_pathology_Add_On	ip,op,office,asc	0-3,4-11,12-17,18-64,65+
Laboratory_Testing3	Laboratory_Testing__Therapeutic_drug_assays	ip,op,office,asc	0-3,4-11,12-17,18-64,65+
Laboratory_Testing4	Laboratory_Testing__Urinalysis	ip,op,office,asc	0-3,4-11,12-17,18-64,65+
Liver_transplant	Liver_transplant__Liver_transplant	ip,op,office,asc	0-3,4-11,12-17,18-64,65+
Lung_transplant	Lung_transplant__Lung_transplant	ip,op,office,asc	0-3,4-11,12-17,18-64,65+
Lung_transplant	Lung_transplant__Lung_transplant_Add_On	ip,op,office,asc	0-3,4-11,12-17,18-64,65+
Male_Genital_Procedure	Male_Genital_Procedure__Other_Procedures_on_the_Male_Genital_System	ip,op,office,asc	0-3,4-11,12-17,18-64,65+
Male_Genital_Procedure	Male_Genital_Procedure__Other_Procedures_on_the_Male_Genital_System_Add_On	ip,op,office,asc	0-3,4-11,12-17,18-64,65+
Male_Genital_Procedure	Male_Genital_Procedure__Surgical_Procedures_on_the_Male_Genital_System_Perineum	ip,op,office,asc	0-3,4-11,12-17,18-64,65+
MOHS_Procedures	MOHS_Procedures__Surgical_Destruction_of_the_Integumentary_System	ip,op,office,asc	0-3,4-11,12-17,18-64,65+
MOHS_Procedures	MOHS_Procedures__Surgical_Destruction_of_the_Integumentary_System_Add_On	ip,op,office,asc	0-3,4-11,12-17,18-64,65+
MR_Studies	MR_Studies__Magnetic_Resonance_Angiography_MRA	ip,op,office,asc	0-3,4-11,12-17,18-64,65+
MRI	MRI__Magnetic_Resonance_Imaging_MRI	ip,op,office,asc	0-3,4-11,12-17,18-64,65+
MRI	MRI__Magnetic_Resonance_Imaging_MRI_Add_On	ip,op,office,asc	0-3,4-11,12-17,18-64,65+
Neonatal_and_Newborn	Neonatal_and_Newborn__Neonatal_and_Pediatric_Critical_Care_and_Intensive_Services	ip,op,office,asc	0-3,4-11,12-17,18-64,65+
Neonatal_and_Newborn	Neonatal_and_Newborn__Newborn_care	ip,op,office,asc	0-3,4-11,12-17,18-64,65+
Neurology	Neurology__Central_Motor_Evoked_Potential_Study	ip,op,office,asc	0-3,4-11,12-17,18-64,65+
Neurology	Neurology__Continuous_Intraoperative_Neurophysiology_Monitoring_Add_On	ip,op,office,asc	0-3,4-11,12-17,18-64,65+
Neurology	Neurology__Developmental_Testing_and_Screening	ip,op,office,asc	0-3,4-11,12-17,18-64,65+
Neurology	Neurology__Developmental_Testing_and_Screening_Add_On	ip,op,office,asc	0-3,4-11,12-17,18-64,65+
Neurology	Neurology__Evaluation_of_Implanted_Neurostimulator	ip,op,office,asc	0-3,4-11,12-17,18-64,65+
Neurology	Neurology__Evaluation_of_Implanted_Neurostimulator_Add_On	ip,op,office,asc	0-3,4-11,12-17,18-64,65+
Neurology	Neurology__Needle_Electromyography	ip,op,office,asc	0-3,4-11,12-17,18-64,65+
Neurology	Neurology__Needle_Electromyography_Add_On	ip,op,office,asc	0-3,4-11,12-17,18-64,65+
Neurology	Neurology__Nerve_Conduction_Study	ip,op,office,asc	0-3,4-11,12-17,18-64,65+
Neurology	Neurology__Neurology_and_Neuromuscular_Procedures	ip,op,office,asc	0-3,4-11,12-17,18-64,65+
Neurology	Neurology__Neurology_and_Neuromuscular_Procedures_Add_On	ip,op,office,asc	0-3,4-11,12-17,18-64,65+
Neurology	Neurology__Neuropsychological_Testing	ip,op,office,asc	0-3,4-11,12-17,18-64,65+
Neurology	Neurology__Psychological_and_neuropsychological_tests	ip,op,office,asc	0-3,4-11,12-17,18-64,65+
Neurology	Neurology__Psychological_and_neuropsychological_tests_Add_On	ip,op,office,asc	0-3,4-11,12-17,18-64,65+
Neurology	Neurology__Psychological_Testing	ip,op,office,asc	0-3,4-11,12-17,18-64,65+
Neurology	Neurology__Seizure_Activity_Event_Monitor_Data_Recording_and_Analysis	ip,op,office,asc	0-3,4-11,12-17,18-64,65+
Neurology	Neurology__Short_Latency_Somatosensory_Evoked_Potential_Study	ip,op,office,asc	0-3,4-11,12-17,18-64,65+
Neurology	Neurology__Testing_of_Autonomic_Nervous_System_Function	ip,op,office,asc	0-3,4-11,12-17,18-64,65+
Neurology	Neurology__Vestibular_function_tests	ip,op,office,asc	0-3,4-11,12-17,18-64,65+
Neurology	Neurology__Vestibular_function_tests_Add_On	ip,op,office,asc	0-3,4-11,12-17,18-64,65+
Neurosurgery	Neurosurgery__Measurement_or_Monitoring_of_Services_and_Procedures_on_the_Central_Nervous_System	ip,op,office,asc	0-3,4-11,12-17,18-64,65+
Neurosurgery	Neurosurgery__Measurement_or_Monitoring_of_Services_and_Procedures_on_the_Central_Nervous_System_Add_On	ip,op,office,asc	0-3,4-11,12-17,18-64,65+
Neurosurgery	Neurosurgery__Measurement_or_Monitoring_of_Services_and_Procedures_on_the_Peripheral_Nervous_System	ip,op,office,asc	0-3,4-11,12-17,18-64,65+
Neurosurgery	Neurosurgery__Other_Procedures_on_the_Nervous_System	ip,op,office,asc	0-3,4-11,12-17,18-64,65+
Neurosurgery	Neurosurgery__Other_Procedures_on_the_Nervous_System_Add_On	ip,op,office,asc	0-3,4-11,12-17,18-64,65+
Neurosurgery	Neurosurgery__Surgical_Procedures_of_the_Cranial_Nerve	ip,op,office,asc	0-3,4-11,12-17,18-64,65+
Neurosurgery	Neurosurgery__Surgical_Procedures_on_the_Base_of_the_Skull	ip,op,office,asc	0-3,4-11,12-17,18-64,65+
Neurosurgery	Neurosurgery__Surgical_Procedures_on_the_Base_of_the_Skull_Add_On	ip,op,office,asc	0-3,4-11,12-17,18-64,65+
Neurosurgery	Neurosurgery__Surgical_Procedures_on_the_Extracranial_Nerves_Peripheral_Nerves_and_Autonomic_Nervous_System_Other	ip,op,office,asc	0-3,4-11,12-17,18-64,65+
Neurosurgery	Neurosurgery__Surgical_Procedures_on_the_Extracranial_Nerves_Peripheral_Nerves_and_Autonomic_Nervous_System_Other_Add_On	ip,op,office,asc	0-3,4-11,12-17,18-64,65+
Neurosurgery	Neurosurgery__Surgical_Procedures_on_the_Skull_Meninges_and_Brain_Other	ip,op,office,asc	0-3,4-11,12-17,18-64,65+
Neurosurgery	Neurosurgery__Surgical_Procedures_on_the_Skull_Meninges_and_Brain_Other_Add_On	ip,op,office,asc	0-3,4-11,12-17,18-64,65+
Neurosurgery	Neurosurgery__Surgical_procedures_on_the_spinal_cord	ip,op,office,asc	0-3,4-11,12-17,18-64,65+
Neurosurgery	Neurosurgery__Surgical_procedures_on_the_spinal_cord_Add_On	ip,op,office,asc	0-3,4-11,12-17,18-64,65+
Nuclear_Medicine	Nuclear_Medicine__Cardiac_Blood_Pool_Imaging	ip,op,office,asc	0-3,4-11,12-17,18-64,65+
Nuclear_Medicine	Nuclear_Medicine__Cardiac_Blood_Pool_Imaging_Add_On	ip,op,office,asc	0-3,4-11,12-17,18-64,65+
Nuclear_Medicine	Nuclear_Medicine__Diagnostic_Nuclear_Medicine_Procedures	ip,op,office,asc	0-3,4-11,12-17,18-64,65+
Nuclear_Medicine	Nuclear_Medicine__Diagnostic_Nuclear_Medicine_Procedures_Add_On	ip,op,office,asc	0-3,4-11,12-17,18-64,65+
Nuclear_Medicine	Nuclear_Medicine__Myelogram	ip,op,office,asc	0-3,4-11,12-17,18-64,65+
Nuclear_Medicine	Nuclear_Medicine__Myocardial_Perfusion_Imaging	ip,op,office,asc	0-3,4-11,12-17,18-64,65+
Nuclear_Medicine	Nuclear_Medicine__Myocardial_Perfusion_Imaging_Add_On	ip,op,office,asc	0-3,4-11,12-17,18-64,65+
Nuclear_Medicine	Nuclear_Medicine__Other_Diagnostic_Nuclear_Medicine_Procedures_on_the_Cardiovascular_System	ip,op,office,asc	0-3,4-11,12-17,18-64,65+
Obstetrics	Obstetrics__Induced_abortion	ip,op,office,asc	0-3,4-11,12-17,18-64,65+
Obstetrics	Obstetrics__Surgical_Antepartum_Procedures	ip,op,office,asc	0-3,4-11,12-17,18-64,65+
Oral_Maxillofacial	Oral_Maxillofacial__Procedures_on_the_Face_or_Scalp	ip,op,office,asc	0-3,4-11,12-17,18-64,65+
Oral_Maxillofacial	Oral_Maxillofacial__Treatment_facial_fracture_or_dislocation	ip,op,office,asc	0-3,4-11,12-17,18-64,65+
Orthodontics	Orthodontics__Orthodontics	ip,op,office,asc	0-3,4-11,12-17,18-64,65+
Other1	Other__Acupuncture	ip,op,office,asc	0-3,4-11,12-17,18-64,65+
Other2	Other__Acupuncture_Add_On	ip,op,office,asc	0-3,4-11,12-17,18-64,65+
Other3	Other__Audiology_Evaluation	ip,op,office,asc	0-3,4-11,12-17,18-64,65+
Other2	Other__Chiropractic_manipulative_treatment_CMT	ip,op,office,asc	0-3,4-11,12-17,18-64,65+
Other1	Other__Health_and_Behavior_Assessments_Add_On	ip,op,office,asc	0-3,4-11,12-17,18-64,65+
Other3	Other__Immunization_Administration_Fee	ip,op,office,asc	0-3,4-11,12-17,18-64,65+
Other3	Other__Measurement_and_Monitoring_Services_and_Procedures	ip,op,office,asc	0-3,4-11,12-17,18-64,65+
Other4	Other__Medical_Education_Services	ip,op,office,asc	0-3,4-11,12-17,18-64,65+
Other1	Other__Minor_Procedures	ip,op,office,asc	0-3,4-11,12-17,18-64,65+
Other4	Other__Non_Oncology_IV_Infusions	ip,op,office,asc	0-3,4-11,12-17,18-64,65+
Other4	Other__Non_Oncology_IV_Infusions_Add_On	ip,op,office,asc	0-3,4-11,12-17,18-64,65+
Other2	Other__Nutrition_therapy	ip,op,office,asc	0-3,4-11,12-17,18-64,65+
Other3	Other__Osteopathic_Manipulative_Treatment_Procedures	ip,op,office,asc	0-3,4-11,12-17,18-64,65+
Other2	Other__Other_Evaluation_and_Management_Procedures	ip,op,office,asc	0-3,4-11,12-17,18-64,65+
Other4	Other__Other_Evaluation_and_Management_Procedures_Add_On	ip,op,office,asc	0-3,4-11,12-17,18-64,65+
Other1	Other__Photodynamic_Therapy	ip,op,office,asc	0-3,4-11,12-17,18-64,65+
Other2	Other__Surgical_Procedures_on_the_Pharynx_Adenoids_and_Tonsils_Other	ip,op,office,asc	0-3,4-11,12-17,18-64,65+
Other_Dermatology_Procedures	Other_Dermatology_Procedures__Photochemotherapy_Skin_Procedures	ip,op,office,asc	0-3,4-11,12-17,18-64,65+
Other_Dermatology_Procedures	Other_Dermatology_Procedures__Skin_Laser_Treatment	ip,op,office,asc	0-3,4-11,12-17,18-64,65+
Other_Dermatology_Procedures	Other_Dermatology_Procedures__Special_Dermatological_Procedures	ip,op,office,asc	0-3,4-11,12-17,18-64,65+
Other_Dermatology_Procedures	Other_Dermatology_Procedures__Surgical_Procedures_Skin_Subcutaneous_Structures	ip,op,office,asc	0-3,4-11,12-17,18-64,65+
Other_Dermatology_Procedures	Other_Dermatology_Procedures__Surgical_Procedures_Skin_Subcutaneous_Structures_Add_On	ip,op,office,asc	0-3,4-11,12-17,18-64,65+
Other_Gastro_Procedure	Other_Gastro_Procedure__Bypass_Procedures_on_the_Intestines_Large_Bowel	ip,op,office,asc	0-3,4-11,12-17,18-64,65+
Other_Gastro_Procedure	Other_Gastro_Procedure__Bypass_Procedures_on_the_Intestines_Small_Bowel	ip,op,office,asc	0-3,4-11,12-17,18-64,65+
Other_Gastro_Procedure	Other_Gastro_Procedure__Control_of_Bleeding_on_the_Gastrointestinal_Tract	ip,op,office,asc	0-3,4-11,12-17,18-64,65+
Other_Gastro_Procedure	Other_Gastro_Procedure__Gastroenterology_Procedures	ip,op,office,asc	0-3,4-11,12-17,18-64,65+
Other_Gastro_Procedure	Other_Gastro_Procedure__Gastrointestinal_manometric_and_reflux_testing	ip,op,office,asc	0-3,4-11,12-17,18-64,65+
Other_Gastro_Procedure	Other_Gastro_Procedure__Gastrointestinal_manometric_and_reflux_testing_Add_On	ip,op,office,asc	0-3,4-11,12-17,18-64,65+
Other_Gastro_Procedure	Other_Gastro_Procedure__Gastrointestinal_Tract_Imaging_Capsule_Endoscopye	ip,op,office,asc	0-3,4-11,12-17,18-64,65+
Other_Gastro_Procedure	Other_Gastro_Procedure__Other_Procedures_on_the_Digestive_System	ip,op,office,asc	0-3,4-11,12-17,18-64,65+
Other_Gastro_Procedure	Other_Gastro_Procedure__Other_Procedures_on_the_Digestive_System_Add_On	ip,op,office,asc	0-3,4-11,12-17,18-64,65+
Other_Gastro_Procedure	Other_Gastro_Procedure__Proctosigmoidoscopy	ip,op,office,asc	0-3,4-11,12-17,18-64,65+
Other_Gastro_Procedure	Other_Gastro_Procedure__Reattatchment_Procedures_of_the_Intestines_Except_Rectum	ip,op,office,asc	0-3,4-11,12-17,18-64,65+
Other_Gastro_Procedure	Other_Gastro_Procedure__Repair_of_the_Intestines_Except_Rectum	ip,op,office,asc	0-3,4-11,12-17,18-64,65+
Other_Gastro_Procedure	Other_Gastro_Procedure__Sigmoidoscopy_Procedures	ip,op,office,asc	0-3,4-11,12-17,18-64,65+
Other_Urological_Procedures	Other_Urological_Procedures__Intersex_Surgery	ip,op,office,asc	0-3,4-11,12-17,18-64,65+
Other_Urological_Procedures	Other_Urological_Procedures__Nephrectomy	ip,op,office,asc	0-3,4-11,12-17,18-64,65+
Other_Urological_Procedures	Other_Urological_Procedures__Other_Procedures_on_the_Urinary_System	ip,op,office,asc	0-3,4-11,12-17,18-64,65+
Other_Urological_Procedures	Other_Urological_Procedures__Other_Procedures_on_the_Urinary_System_Add_On	ip,op,office,asc	0-3,4-11,12-17,18-64,65+
Other_Urological_Procedures	Other_Urological_Procedures__Other_Surgical_Procedures_on_the_Scrotum_and_Tunica_Vaginalis	ip,op,office,asc	0-3,4-11,12-17,18-64,65+
Other_Urological_Procedures	Other_Urological_Procedures__Procedures_for_Kidney_Stones_non_lithotripsy	ip,op,office,asc	0-3,4-11,12-17,18-64,65+
Other_Urological_Procedures	Other_Urological_Procedures__Surgical_Procedure_on_the_Scrotum	ip,op,office,asc	0-3,4-11,12-17,18-64,65+
Other_Urological_Procedures	Other_Urological_Procedures__Surgical_Procedure_on_the_Seminal_Vesicles	ip,op,office,asc	0-3,4-11,12-17,18-64,65+
Other_Urological_Procedures	Other_Urological_Procedures__Surgical_Procedure_on_the_Spermatic_Cord	ip,op,office,asc	0-3,4-11,12-17,18-64,65+
Other_Urological_Procedures	Other_Urological_Procedures__Surgical_Procedure_on_the_Tunica_Vaginalis	ip,op,office,asc	0-3,4-11,12-17,18-64,65+
Other_Urological_Procedures	Other_Urological_Procedures__Surgical_Procedure_on_the_Vas_Deferens	ip,op,office,asc	0-3,4-11,12-17,18-64,65+
Other_Urological_Procedures	Other_Urological_Procedures__Surgical_Procedures_on_the_Epididymis	ip,op,office,asc	0-3,4-11,12-17,18-64,65+
Other_Urological_Procedures	Other_Urological_Procedures__Surgical_Procedures_on_the_Genitourinary_Tract_Unspecified_Site	ip,op,office,asc	0-3,4-11,12-17,18-64,65+
Other_Urological_Procedures	Other_Urological_Procedures__Surgical_Procedures_on_the_Kidney_Other	ip,op,office,asc	0-3,4-11,12-17,18-64,65+
Other_Urological_Procedures	Other_Urological_Procedures__Surgical_Procedures_on_the_Penis_Other	ip,op,office,asc	0-3,4-11,12-17,18-64,65+
Other_Urological_Procedures	Other_Urological_Procedures__Surgical_Procedures_on_the_Prepuce	ip,op,office,asc	0-3,4-11,12-17,18-64,65+
Other_Urological_Procedures	Other_Urological_Procedures__Surgical_Procedures_on_the_Prostate_Other;_Surgeries	ip,op,office,asc	0-3,4-11,12-17,18-64,65+
Other_Urological_Procedures	Other_Urological_Procedures__Surgical_Procedures_on_the_Testis	ip,op,office,asc	0-3,4-11,12-17,18-64,65+
Otolaryngology	Otolaryngology__Flexible_Fiberoptic_Endoscopic_Evaluation	ip,op,office,asc	0-3,4-11,12-17,18-64,65+
Otolaryngology	Otolaryngology__Myringotomy_and_tympanostomy_procedures	ip,op,office,asc	0-3,4-11,12-17,18-64,65+
Otolaryngology	Otolaryngology__Other_Procedures_on_the_Auditory_System	ip,op,office,asc	0-3,4-11,12-17,18-64,65+
Otolaryngology	Otolaryngology__Other_Procedures_on_the_Hyoid	ip,op,office,asc	0-3,4-11,12-17,18-64,65+
Otolaryngology	Otolaryngology__Other_Procedures_on_the_Nasopharnyx	ip,op,office,asc	0-3,4-11,12-17,18-64,65+
Otolaryngology	Otolaryngology__Other_Procedures_on_the_Nose	ip,op,office,asc	0-3,4-11,12-17,18-64,65+
Otolaryngology	Otolaryngology__Palatopharyngoplasty_Procedures	ip,op,office,asc	0-3,4-11,12-17,18-64,65+
Otolaryngology	Otolaryngology__Palatoplasty	ip,op,office,asc	0-3,4-11,12-17,18-64,65+
Otolaryngology	Otolaryngology__Repair_of_cleft_lip_or_nasal_deformity	ip,op,office,asc	0-3,4-11,12-17,18-64,65+
Otolaryngology	Otolaryngology__Rhinoplasty	ip,op,office,asc	0-3,4-11,12-17,18-64,65+
Otolaryngology	Otolaryngology__Special_Otorhinolaryngologic_Services	ip,op,office,asc	0-3,4-11,12-17,18-64,65+
Otolaryngology	Otolaryngology__Special_Otorhinolaryngologic_Services_Add_On	ip,op,office,asc	0-3,4-11,12-17,18-64,65+
Otolaryngology	Otolaryngology__Surgical_Procedures_on_the_Coccygeal_Glomus	ip,op,office,asc	0-3,4-11,12-17,18-64,65+
Otolaryngology	Otolaryngology__Surgical_Procedures_on_the_Epiglottis	ip,op,office,asc	0-3,4-11,12-17,18-64,65+
Otolaryngology	Otolaryngology__Surgical_Procedures_on_the_Glomus_Jugulare	ip,op,office,asc	0-3,4-11,12-17,18-64,65+
Otolaryngology	Otolaryngology__Surgical_Procedures_on_the_Larynx_or_Vocal_Cord	ip,op,office,asc	0-3,4-11,12-17,18-64,65+
Otolaryngology	Otolaryngology__Surgical_Procedures_on_the_Lips_Other	ip,op,office,asc	0-3,4-11,12-17,18-64,65+
Otolaryngology	Otolaryngology__Surgical_Procedures_on_the_Palate_and_Uvula_Other;_Surgeries	ip,op,office,asc	0-3,4-11,12-17,18-64,65+
Otolaryngology	Otolaryngology__Surgical_Procedures_on_the_Paraganglion_Extremity	ip,op,office,asc	0-3,4-11,12-17,18-64,65+
Otolaryngology	Otolaryngology__Surgical_Procedures_on_the_Salivary_Gland_and_Ducts	ip,op,office,asc	0-3,4-11,12-17,18-64,65+
Otolaryngology	Otolaryngology__Surgical_procedures_on_the_sinuses	ip,op,office,asc	0-3,4-11,12-17,18-64,65+
Otolaryngology	Otolaryngology__Surgical_Procedures_on_the_Temporal_Bone_using_the_Middle_Fossa_Approach	ip,op,office,asc	0-3,4-11,12-17,18-64,65+
Otolaryngology	Otolaryngology__Surgical_Procedures_on_the_Tongue_and_Floor_of_the_Mouth_Surgeries	ip,op,office,asc	0-3,4-11,12-17,18-64,65+
Otolaryngology	Otolaryngology__Surgical_Procedures_on_the_Tongue_Palate_and_or_Pharynx;_Soft_Tissue	ip,op,office,asc	0-3,4-11,12-17,18-64,65+
Otolaryngology	Otolaryngology__Surgical_Procedures_on_the_Vestibule_of_the_Mouth_Surgeries	ip,op,office,asc	0-3,4-11,12-17,18-64,65+
Otolaryngology	Otolaryngology__Surgical_Procedures_Using_Operating_Microscope_Add_On	ip,op,office,asc	0-3,4-11,12-17,18-64,65+
Otolaryngology	Otolaryngology__Thyroidectomy_partial_or_complete	ip,op,office,asc	0-3,4-11,12-17,18-64,65+
Otolaryngology	Otolaryngology__Tonsillectomy_or_adenoidectomy	ip,op,office,asc	0-3,4-11,12-17,18-64,65+
Otolaryngology	Otolaryngology__Tympanoplasty	ip,op,office,asc	0-3,4-11,12-17,18-64,65+
Pain_Management	Pain_Management__Pain_Management_Procedures	ip,op,office,asc	0-3,4-11,12-17,18-64,65+
PET_Study	PET_Study__Other_PET_SPECT_or_Tomographic_Tomo_Imaging	ip,op,office,asc	0-3,4-11,12-17,18-64,65+
Physiatry	Physiatry__Physical_medicine_and_rehabilitation	ip,op,office,asc	0-3,4-11,12-17,18-64,65+
Physiatry	Physiatry__Physical_Medicine_and_Rehabilitation_Modalities	ip,op,office,asc	0-3,4-11,12-17,18-64,65+
Physiatry	Physiatry__Physical_Medicine_and_Rehabilitation_Modalities_Add_On	ip,op,office,asc	0-3,4-11,12-17,18-64,65+
Physiatry	Physiatry__Physical_Medicine_and_Rehabilitation_Orthotic_and_Prosthetic_Management_and_Trainning	ip,op,office,asc	0-3,4-11,12-17,18-64,65+
Physiatry	Physiatry__Physical_Medicine_and_Rehabilitation_Tests_and_Measurements	ip,op,office,asc	0-3,4-11,12-17,18-64,65+
Post_Acute	Post_Acute__Home_health_services	ip,op,office,asc	0-3,4-11,12-17,18-64,65+
Post_Acute	Post_Acute__Home_infusion	ip,op,office,asc	0-3,4-11,12-17,18-64,65+
Post_Acute	Post_Acute__Home_infusion_Add_On	ip,op,office,asc	0-3,4-11,12-17,18-64,65+
Post_Acute	Post_Acute__Hospice_Care	ip,op,office,asc	0-3,4-11,12-17,18-64,65+
Post_Acute	Post_Acute__Medical_home_services	ip,op,office,asc	0-3,4-11,12-17,18-64,65+
Post_Acute	Post_Acute__Occupational_therapy_OT_evaluation	ip,op,office,asc	0-3,4-11,12-17,18-64,65+
Post_Acute	Post_Acute__Patient_encounter_skilled_nursing_facility_SNF	ip,op,office,asc	0-3,4-11,12-17,18-64,65+
Post_Acute	Post_Acute__Physical_Therapy_Evaluation	ip,op,office,asc	0-3,4-11,12-17,18-64,65+
Pulmonology	Pulmonology__Broncoscopy	ip,op,office,asc	0-3,4-11,12-17,18-64,65+
Pulmonology	Pulmonology__CPAP_initiation_and_management	ip,op,office,asc	0-3,4-11,12-17,18-64,65+
Pulmonology	Pulmonology__Endoscopy_of_the_Trachea_and_Bronchi	ip,op,office,asc	0-3,4-11,12-17,18-64,65+
Pulmonology	Pulmonology__Endoscopy_of_the_Trachea_and_Bronchi_Add_On	ip,op,office,asc	0-3,4-11,12-17,18-64,65+
Pulmonology	Pulmonology__Inhalation_Treatment_for_Acute_Airway_Obstruction_or_for_Sputum_Induction_for_Diagnostic_Purposes	ip,op,office,asc	0-3,4-11,12-17,18-64,65+
Pulmonology	Pulmonology__Inhalation_Treatment_for_Acute_Airway_Obstruction_or_for_Sputum_Induction_for_Diagnostic_Purposes_Add_On	ip,op,office,asc	0-3,4-11,12-17,18-64,65+
Pulmonology	Pulmonology__Intrapulmonary_Surfactant_Administration	ip,op,office,asc	0-3,4-11,12-17,18-64,65+
Pulmonology	Pulmonology__Noninvasive_ear_pulse_oximetry_for_O2_saturation	ip,op,office,asc	0-3,4-11,12-17,18-64,65+
Pulmonology	Pulmonology__Other_Procedures_on_the_Respiratory_System_and_Pericardium_Add_On	ip,op,office,asc	0-3,4-11,12-17,18-64,65+
Pulmonology	Pulmonology__Other_Respiratory_Procedures	ip,op,office,asc	0-3,4-11,12-17,18-64,65+
Pulmonology	Pulmonology__Pediatric_Home_Apnea_Monitoring_tests	ip,op,office,asc	0-3,4-11,12-17,18-64,65+
Pulmonology	Pulmonology__Pulmonary_function_tests	ip,op,office,asc	0-3,4-11,12-17,18-64,65+
Pulmonology	Pulmonology__Pulmonary_function_tests_Add_On	ip,op,office,asc	0-3,4-11,12-17,18-64,65+
Pulmonology	Pulmonology__Pulmonary_Procedures	ip,op,office,asc	0-3,4-11,12-17,18-64,65+
Pulmonology	Pulmonology__Ventilator_Assistance_and_Extracorporeal_Circulatory_and_Respiratory_Support	ip,op,office,asc	0-3,4-11,12-17,18-64,65+
Radiation_Oncology	Radiation_Oncology__Brachytherapy_Procedures	ip,op,office,asc	0-3,4-11,12-17,18-64,65+
Radiation_Oncology	Radiation_Oncology__External_Beam_Radiation_Therapy_EBRT	ip,op,office,asc	0-3,4-11,12-17,18-64,65+
Radiation_Oncology	Radiation_Oncology__Hyperthermia	ip,op,office,asc	0-3,4-11,12-17,18-64,65+
Radiation_Oncology	Radiation_Oncology__Image_Guided_Radiation_Therapy_IGRT	ip,op,office,asc	0-3,4-11,12-17,18-64,65+
Radiation_Oncology	Radiation_Oncology__Intensity_Modulated_Radiation_Therapy_IMRT	ip,op,office,asc	0-3,4-11,12-17,18-64,65+
Radiation_Oncology	Radiation_Oncology__Intraoperative_Radiation_Therapy_IORT	ip,op,office,asc	0-3,4-11,12-17,18-64,65+
Radiation_Oncology	Radiation_Oncology__Neutron_Beam_Treatment_Delivery	ip,op,office,asc	0-3,4-11,12-17,18-64,65+
Radiation_Oncology	Radiation_Oncology__Other_Radiation_Therapy_Procedures	ip,op,office,asc	0-3,4-11,12-17,18-64,65+
Radiation_Oncology	Radiation_Oncology__Proton_Beam_Radiation_Therapy	ip,op,office,asc	0-3,4-11,12-17,18-64,65+
Radiation_Oncology	Radiation_Oncology__Radiation_Therapy	ip,op,office,asc	0-3,4-11,12-17,18-64,65+
Radiation_Oncology	Radiation_Oncology__Radiopharmaceutical_Localization_Procedures	ip,op,office,asc	0-3,4-11,12-17,18-64,65+
Radiation_Oncology	Radiation_Oncology__Stereotactic_Radiation_Treatment	ip,op,office,asc	0-3,4-11,12-17,18-64,65+
Radiation_Oncology	Radiation_Oncology__Systemic_Radiation_Therapy	ip,op,office,asc	0-3,4-11,12-17,18-64,65+
Reflectance_Confocal_Microscopy_RCM	Reflectance_Confocal_Microscopy_RCM__Reflectance_Confocal_Microscopy_RCM	ip,op,office,asc	0-3,4-11,12-17,18-64,65+
Reflectance_Confocal_Microscopy_RCM	Reflectance_Confocal_Microscopy_RCM__Reflectance_Confocal_Microscopy_RCM_Add_On	ip,op,office,asc	0-3,4-11,12-17,18-64,65+
Shoulder	Shoulder__Arthroscopy_of_the_shoulder	ip,op,office,asc	0-3,4-11,12-17,18-64,65+
Shoulder	Shoulder__Arthroscopy_of_the_shoulder_Add_On	ip,op,office,asc	0-3,4-11,12-17,18-64,65+
Shoulder	Shoulder__Surgical_Procedures_on_the_Shoulder_non_arthroscopic_other	ip,op,office,asc	0-3,4-11,12-17,18-64,65+
Shoulder	Shoulder__Total_Shoulder_and_Other_Arthroplasty_Procedures	ip,op,office,asc	0-3,4-11,12-17,18-64,65+
Shoulder	Shoulder__Treatment_of_Fracture_and_or_Dislocation_of_the_Shoulder	ip,op,office,asc	0-3,4-11,12-17,18-64,65+
Sleep_and_EEG	Sleep_and_EEG__Sleep_and_EEG_testing	ip,op,office,asc	0-3,4-11,12-17,18-64,65+
Sleep_and_EEG	Sleep_and_EEG__Sleep_and_EEG_testing_Add_On	ip,op,office,asc	0-3,4-11,12-17,18-64,65+
Spine	Spine__Arthrodesis_of_the_spine	ip,op,office,asc	0-3,4-11,12-17,18-64,65+
Spine	Spine__Arthrodesis_of_the_spine_Add_On	ip,op,office,asc	0-3,4-11,12-17,18-64,65+
Spine	Spine__Stem_Cell_Transplantation	ip,op,office,asc	0-3,4-11,12-17,18-64,65+
Spine	Spine__Surgical_Procedures_on_all_levels_of_spine_Emerging_Technology	ip,op,office,asc	0-3,4-11,12-17,18-64,65+
Spine	Spine__Surgical_Procedures_on_all_levels_of_spine_Emerging_Technology_Add_On	ip,op,office,asc	0-3,4-11,12-17,18-64,65+
Spine	Spine__Surgical_Procedures_on_all_levels_of_spine_unrelated_to_artificial_disk_or_joint	ip,op,office,asc	0-3,4-11,12-17,18-64,65+
Spine	Spine__Surgical_Procedures_on_all_levels_of_spine_unrelated_to_artificial_disk_or_joint_Add_On	ip,op,office,asc	0-3,4-11,12-17,18-64,65+
Spine	Spine__Surgical_Procedures_on_the_Musculoskeletal_System_of_the_Abdomen_Back_and_Flank_Add_On	ip,op,office,asc	0-3,4-11,12-17,18-64,65+
Spine	Spine__Total_Disk_Arthroplasty_Artificial_Disk_Cervical_or_Lumbar;_Anterior_Approach	ip,op,office,asc	0-3,4-11,12-17,18-64,65+
Spine	Spine__Total_Disk_Arthroplasty_Artificial_Disk_Cervical_or_Lumbar;_Anterior_Approach_Add_On	ip,op,office,asc	0-3,4-11,12-17,18-64,65+
Spine	Spine__Treatment_of_Fracture_and_or_Dislocation_of_the_Spine_Vertebral_Column	ip,op,office,asc	0-3,4-11,12-17,18-64,65+
Spine	Spine__Treatment_of_Fracture_and_or_Dislocation_of_the_Spine_Vertebral_Column_Add_On	ip,op,office,asc	0-3,4-11,12-17,18-64,65+
Sports_Medicine	Sports_Medicine__Arthroscopy_Procedures_of_the_Hip	ip,op,office,asc	0-3,4-11,12-17,18-64,65+
Sports_Medicine	Sports_Medicine__Computer_Assisted_Musculoskeletal_Surgical_Navigational_Orthopedic_Procedure	ip,op,office,asc	0-3,4-11,12-17,18-64,65+
Sports_Medicine	Sports_Medicine__Computer_Assisted_Musculoskeletal_Surgical_Navigational_Orthopedic_Procedure_Add_On	ip,op,office,asc	0-3,4-11,12-17,18-64,65+
Sports_Medicine	Sports_Medicine__Endoscopy_Arthroscopy_on_the_Musculoskeletal_System_Other	ip,op,office,asc	0-3,4-11,12-17,18-64,65+
Sports_Medicine	Sports_Medicine__Inspection_Procedure_on_the_Musculoskeletal_System	ip,op,office,asc	0-3,4-11,12-17,18-64,65+
Sports_Medicine	Sports_Medicine__Other_Procedures_on_the_Musculoskeletal_System	ip,op,office,asc	0-3,4-11,12-17,18-64,65+
Sports_Medicine	Sports_Medicine__Other_Procedures_on_the_Musculoskeletal_System_Add_On	ip,op,office,asc	0-3,4-11,12-17,18-64,65+
Sports_Medicine	Sports_Medicine__Removal_of_foreign_body_in_muscle_or_tendon_complicated	ip,op,office,asc	0-3,4-11,12-17,18-64,65+
Sports_Medicine	Sports_Medicine__Surgical_Procedures_on_the_Musculoskeletal_System_Axillary_Area	ip,op,office,asc	0-3,4-11,12-17,18-64,65+
Sports_Medicine	Sports_Medicine__Surgical_Procedures_on_the_Musculoskeletal_System_of_the_Femoral_or_Inguinal_Area	ip,op,office,asc	0-3,4-11,12-17,18-64,65+
Sports_Medicine	Sports_Medicine__Surgical_Procedures_on_the_Musculoskeletal_System_of_the_Femur_Thigh_Region_Add_On	ip,op,office,asc	0-3,4-11,12-17,18-64,65+
Sports_Medicine	Sports_Medicine__Surgical_Procedures_on_the_Musculoskeletal_System_of_the_Hindquarter_Area	ip,op,office,asc	0-3,4-11,12-17,18-64,65+
Sports_Medicine	Sports_Medicine__Surgical_Procedures_on_the_Musculoskeletal_System_of_the_Neck_and_Thorax	ip,op,office,asc	0-3,4-11,12-17,18-64,65+
Sports_Medicine	Sports_Medicine__Surgical_Procedures_on_the_Musculoskeletal_System_of_the_Pelvis_and_Hip_Joint;_Soft_tissue	ip,op,office,asc	0-3,4-11,12-17,18-64,65+
Sports_Medicine	Sports_Medicine__Surgical_Procedures_on_the_Musculoskeletal_System_of_the_Pelvis_and_Hip_Joint_Bone	ip,op,office,asc	0-3,4-11,12-17,18-64,65+
Sports_Medicine	Sports_Medicine__Surgical_Procedures_on_the_Musculoskeletal_System_of_the_Pelvis_and_Hip_Joint_Other	ip,op,office,asc	0-3,4-11,12-17,18-64,65+
Sports_Medicine	Sports_Medicine__Surgical_Procedures_on_the_Pelvis_and_Hip_non_total_hip	ip,op,office,asc	0-3,4-11,12-17,18-64,65+
Sports_Medicine	Sports_Medicine__Treat_fracture_dislocation_of_LE_not_hip_femur	ip,op,office,asc	0-3,4-11,12-17,18-64,65+
Sports_Medicine	Sports_Medicine__Treatment_fracture_or_dislocation_of_hip_femur	ip,op,office,asc	0-3,4-11,12-17,18-64,65+
Surgical_Procedures_on_the_Musculoskeletal_System	Surgical_Procedures_on_the_Musculoskeletal_System__Surgical_Procedures_on_the_Musculoskeletal_System_Chest_Wall	ip,op,office,asc	0-3,4-11,12-17,18-64,65+
Surgical_Procedures_on_the_Musculoskeletal_System	Surgical_Procedures_on_the_Musculoskeletal_System__Surgical_Procedures_on_the_Musculoskeletal_System_Chest_Wall_Add_On	ip,op,office,asc	0-3,4-11,12-17,18-64,65+
Surgical_Procedures_on_the_Musculoskeletal_System	Surgical_Procedures_on_the_Musculoskeletal_System__Surgical_Procedures_on_the_Musculoskeletal_System_of_the_Buttock	ip,op,office,asc	0-3,4-11,12-17,18-64,65+
Surgical_Procedures_on_the_Thyroid_Gland_Other	Surgical_Procedures_on_the_Thyroid_Gland_Other__Surgical_Procedures_on_the_Thyroid_Gland_Other	ip,op,office,asc	0-3,4-11,12-17,18-64,65+
Thoracic_Surgery	Thoracic_Surgery__Other_Procedures_on_the_Respiratory_System_and_Pericardium	ip,op,office,asc	0-3,4-11,12-17,18-64,65+
Thoracic_Surgery	Thoracic_Surgery__Removal_procedures_on_the_lungs_and_pleura_Add_On	ip,op,office,asc	0-3,4-11,12-17,18-64,65+
Thoracic_Surgery	Thoracic_Surgery__Repair_Procedures_on_the_Lungs_Pleura_or_Pericardium	ip,op,office,asc	0-3,4-11,12-17,18-64,65+
Thoracic_Surgery	Thoracic_Surgery__Rib_and_Sternum_Repair	ip,op,office,asc	0-3,4-11,12-17,18-64,65+
Thoracic_Surgery	Thoracic_Surgery__Surgical_Procedures_on_the_Chest_Wall	ip,op,office,asc	0-3,4-11,12-17,18-64,65+
Thoracic_Surgery	Thoracic_Surgery__Surgical_Procedures_on_the_Lungs_and_Pleura_Other	ip,op,office,asc	0-3,4-11,12-17,18-64,65+
Thoracic_Surgery	Thoracic_Surgery__Surgical_Procedures_on_the_Pericardium	ip,op,office,asc	0-3,4-11,12-17,18-64,65+
Thoracic_Surgery	Thoracic_Surgery__Surgical_Procedures_on_the_Respiratory_Tract_System_Unspecified_Site	ip,op,office,asc	0-3,4-11,12-17,18-64,65+
Thoracic_Surgery	Thoracic_Surgery__Thoracic_aortic_aneurysm_repair_Add_On	ip,op,office,asc	0-3,4-11,12-17,18-64,65+
Thoracic_Surgery	Thoracic_Surgery__Thoracotomy_or_Thoracostomy_Procedures	ip,op,office,asc	0-3,4-11,12-17,18-64,65+
Thoracic_Surgery	Thoracic_Surgery__Video_Assisted_Thoracoscopic_Surgery_VATS	ip,op,office,asc	0-3,4-11,12-17,18-64,65+
Thoracic_Surgery	Thoracic_Surgery__Video_Assisted_Thoracoscopic_Surgery_VATS_Add_On	ip,op,office,asc	0-3,4-11,12-17,18-64,65+
Throat_Procedure	Throat_Procedure__Device_Related_Procedures_on_the_Oral_Cavity_and_Throat	ip,op,office,asc	0-3,4-11,12-17,18-64,65+
Throat_Procedure	Throat_Procedure__Fragmentation_Procedures_on_the_Oral_Cavity_and_Throat	ip,op,office,asc	0-3,4-11,12-17,18-64,65+
Throat_Procedure	Throat_Procedure__Inspection_Procedures_on_the_Oral_Cavity_and_Throat	ip,op,office,asc	0-3,4-11,12-17,18-64,65+
Throat_Procedure	Throat_Procedure__Other_Procedures_on_the_Throat	ip,op,office,asc	0-3,4-11,12-17,18-64,65+
Throat_Procedure	Throat_Procedure__Removal_Revision_or_Other_Procedures_of_Tissue_Substitute_on_the_Oral_Cavity_and_Throat	ip,op,office,asc	0-3,4-11,12-17,18-64,65+
Transcatheter	Transcatheter__Transcatheter_Closure_of_Paravalvular_Leak	ip,op,office,asc	0-3,4-11,12-17,18-64,65+
Transcatheter	Transcatheter__Transcatheter_Closure_of_Paravalvular_Leak_Add_On	ip,op,office,asc	0-3,4-11,12-17,18-64,65+
Transcatheter	Transcatheter__Transcatheter_Placement_of_intracoronary_Drug_eluting_Stents	ip,op,office,asc	0-3,4-11,12-17,18-64,65+
Transcatheter	Transcatheter__Transcatheter_Placement_of_intracoronary_Drug_eluting_Stents_Add_On	ip,op,office,asc	0-3,4-11,12-17,18-64,65+
Transcatheter	Transcatheter__Transcatheter_Placement_of_intracoronary_Stents	ip,op,office,asc	0-3,4-11,12-17,18-64,65+
Transcatheter	Transcatheter__Transcatheter_Placement_of_Pulmonary_Valve	ip,op,office,asc	0-3,4-11,12-17,18-64,65+
Transcatheter	Transcatheter__Transcatheter_Replacement_of_Aortic_Valve	ip,op,office,asc	0-3,4-11,12-17,18-64,65+
Transcatheter	Transcatheter__Transcatheter_Replacement_of_Aortic_Valve_Add_On	ip,op,office,asc	0-3,4-11,12-17,18-64,65+
Transplantation	Transplantation__Intestinal_Transplantation	ip,op,office,asc	0-3,4-11,12-17,18-64,65+
Transplantation	Transplantation__Pancreas_Transplantation	ip,op,office,asc	0-3,4-11,12-17,18-64,65+
Transplantation	Transplantation__Surgical_Procedures_on_the_Endocrine_System_Islet_cell_transplantation	ip,op,office,asc	0-3,4-11,12-17,18-64,65+
Transurethral_Procedures	Transurethral_Procedures__Transurethral_Endoscopic_Procedures	ip,op,office,asc	0-3,4-11,12-17,18-64,65+
Transurethral_Procedures	Transurethral_Procedures__Transurethral_Endoscopic_Procedures_Add_On	ip,op,office,asc	0-3,4-11,12-17,18-64,65+
Transurethral_Procedures	Transurethral_Procedures__Transurethral_resection_of_prostate_TURP	ip,op,office,asc	0-3,4-11,12-17,18-64,65+
Ultrasound	Ultrasound__Ultrasound_Imaging	ip,op,office,asc	0-3,4-11,12-17,18-64,65+
Ultrasound	Ultrasound__Ultrasound_Imaging_Add_On	ip,op,office,asc	0-3,4-11,12-17,18-64,65+
Ureter_Procedures	Ureter_Procedures__Surgical_Procedures_on_the_Ureter	ip,op,office,asc	0-3,4-11,12-17,18-64,65+
Ureter_Procedures	Ureter_Procedures__Surgical_Procedures_on_the_Ureter_Add_On	ip,op,office,asc	0-3,4-11,12-17,18-64,65+
Ureter_Procedures	Ureter_Procedures__Surgical_Procedures_on_the_Urethra	ip,op,office,asc	0-3,4-11,12-17,18-64,65+
Vascular_Surgery	Vascular_Surgery__Abdominal_aortic_aneurysm_repair	ip,op,office,asc	0-3,4-11,12-17,18-64,65+
Vascular_Surgery	Vascular_Surgery__Abdominal_aortic_aneurysm_repair_Add_On	ip,op,office,asc	0-3,4-11,12-17,18-64,65+
Vascular_Surgery	Vascular_Surgery__Angiography	ip,op,office,asc	0-3,4-11,12-17,18-64,65+
Vascular_Surgery	Vascular_Surgery__Dilation_Procedures_on_the_Arteries_and_Veins;_Extremities	ip,op,office,asc	0-3,4-11,12-17,18-64,65+
Vascular_Surgery	Vascular_Surgery__Focused_Ultrasound_Ablation_therapeutic_Intervention_Other_than_Uterine_Leiomyomata	ip,op,office,asc	0-3,4-11,12-17,18-64,65+
Vascular_Surgery	Vascular_Surgery__Other_Procedures_on_the_Cardiovascular_System_Add_On	ip,op,office,asc	0-3,4-11,12-17,18-64,65+
Vascular_Surgery	Vascular_Surgery__Other_Vascular_Procedures	ip,op,office,asc	0-3,4-11,12-17,18-64,65+
Vascular_Surgery	Vascular_Surgery__Peripheral_vascular_bypass	ip,op,office,asc	0-3,4-11,12-17,18-64,65+
Vascular_Surgery	Vascular_Surgery__Peripheral_vascular_bypass_Add_On	ip,op,office,asc	0-3,4-11,12-17,18-64,65+
Vascular_Surgery	Vascular_Surgery__Revision_of_Bypass_Graft_Extremities	ip,op,office,asc	0-3,4-11,12-17,18-64,65+
Vascular_Surgery	Vascular_Surgery__Surgical_Procedures_on_the_Aortic_Body	ip,op,office,asc	0-3,4-11,12-17,18-64,65+
Vascular_Surgery	Vascular_Surgery__Surgical_Procedures_on_the_Arteries_and_Veins_Abdomen	ip,op,office,asc	0-3,4-11,12-17,18-64,65+
Vascular_Surgery	Vascular_Surgery__Surgical_Procedures_on_the_Arteries_and_Veins_Head_and_Neck_bypass_clot_and_plaque_removal	ip,op,office,asc	0-3,4-11,12-17,18-64,65+
Vascular_Surgery	Vascular_Surgery__Surgical_Procedures_on_the_Arteries_and_Veins_Head_and_Neck_bypass_clot_and_plaque_removal_Add_On	ip,op,office,asc	0-3,4-11,12-17,18-64,65+
Vascular_Surgery	Vascular_Surgery__Surgical_Procedures_on_the_Arteries_and_Veins_Other_Add_On	ip,op,office,asc	0-3,4-11,12-17,18-64,65+
Vascular_Surgery	Vascular_Surgery__Surgical_Procedures_on_the_Para_aortic_Body	ip,op,office,asc	0-3,4-11,12-17,18-64,65+
Vascular_Surgery	Vascular_Surgery__Thromboendarterectomy_of_the_peripheral_arteries	ip,op,office,asc	0-3,4-11,12-17,18-64,65+
Vascular_Surgery	Vascular_Surgery__Thromboendarterectomy_of_the_peripheral_arteries_Add_On	ip,op,office,asc	0-3,4-11,12-17,18-64,65+
Wound_Care	Wound_Care__Active_wound_care	ip,op,office,asc	0-3,4-11,12-17,18-64,65+
Wound_Care	Wound_Care__Active_wound_care_Add_On	ip,op,office,asc	0-3,4-11,12-17,18-64,65+
Wound_Care	Wound_Care__Exploration_of_Penetrating_Wound_on_the_Musculoskeletal_System	ip,op,office,asc	0-3,4-11,12-17,18-64,65+
Wound_Care	Wound_Care__Extracorporeal_Shock_Wave_Therapy_Involving_Musculoskeletal_System_or_Integumentary_Wound_Healing	ip,op,office,asc	0-3,4-11,12-17,18-64,65+
Wound_Care	Wound_Care__Extracorporeal_Shock_Wave_Therapy_Involving_Musculoskeletal_System_or_Integumentary_Wound_Healing_Add_On	ip,op,office,asc	0-3,4-11,12-17,18-64,65+
Wound_Care	Wound_Care__Hyperbaric_Oxygen_Treatment	ip,op,office,asc	0-3,4-11,12-17,18-64,65+
X_Ray	X_Ray__Radiography_X_Ray_Imaging	ip,op,office,asc	0-3,4-11,12-17,18-64,65+
